url_antiga,intencao_tipo,url_nova,decisao,motivo
https://[LEGACY_DOMAIN_REMOVED]/,exata,https://[LEGACY_DOMAIN_REMOVED]/,301,"rota idêntica no domínio novo"
https://[LEGACY_DOMAIN_REMOVED]/arrumar-pc,exata,https://[LEGACY_DOMAIN_REMOVED]/arrumar-pc,301,"rota idêntica no domínio novo"
https://[LEGACY_DOMAIN_REMOVED]/arrumar-pc/online,exata,https://[LEGACY_DOMAIN_REMOVED]/arrumar-pc/online,301,"rota idêntica no domínio novo"
https://[LEGACY_DOMAIN_REMOVED]/assistencia-eletrodomesticos-inteligentes-curitiba,exata,https://[LEGACY_DOMAIN_REMOVED]/assistencia-eletrodomesticos-inteligentes-curitiba,301,"fora do foco (Eletrodomésticos) mas rota equivalente existe — sem troca de intenção"
https://[LEGACY_DOMAIN_REMOVED]/assistencia-tecnica-curitiba,exata,https://[LEGACY_DOMAIN_REMOVED]/assistencia-tecnica-curitiba,301,"rota idêntica no domínio novo"
https://[LEGACY_DOMAIN_REMOVED]/atendimento,equivalente,https://[LEGACY_DOMAIN_REMOVED]/atendimento-domicilio,301,"intenção de modalidade de atendimento"
https://[LEGACY_DOMAIN_REMOVED]/atendimento-domicilio,exata,https://[LEGACY_DOMAIN_REMOVED]/atendimento-domicilio,301,"rota idêntica no domínio novo"
https://[LEGACY_DOMAIN_REMOVED]/atendimento-remoto,exata,https://[LEGACY_DOMAIN_REMOVED]/atendimento-remoto,301,"rota idêntica no domínio novo"
https://[LEGACY_DOMAIN_REMOVED]/atendimento/almirante-tamandare,consolidada,https://[LEGACY_DOMAIN_REMOVED]/tecnico-informatica-almirante-tamandare,301,"hierarquia /atendimento descontinuada; intenção local preservada no hub de cidade"
https://[LEGACY_DOMAIN_REMOVED]/atendimento/almirante-tamandare/centro,consolidada,https://[LEGACY_DOMAIN_REMOVED]/tecnico-informatica-almirante-tamandare,301,"hierarquia /atendimento descontinuada; intenção local preservada no hub de cidade"
https://[LEGACY_DOMAIN_REMOVED]/atendimento/almirante-tamandare/tranqueira,consolidada,https://[LEGACY_DOMAIN_REMOVED]/tecnico-informatica-almirante-tamandare,301,"hierarquia /atendimento descontinuada; intenção local preservada no hub de cidade"
https://[LEGACY_DOMAIN_REMOVED]/atendimento/araucaria,consolidada,https://[LEGACY_DOMAIN_REMOVED]/tecnico-informatica-araucaria,301,"hierarquia /atendimento descontinuada; intenção local preservada no hub de cidade"
https://[LEGACY_DOMAIN_REMOVED]/atendimento/araucaria/cachoeira,consolidada,https://[LEGACY_DOMAIN_REMOVED]/tecnico-informatica-araucaria,301,"hierarquia /atendimento descontinuada; intenção local preservada no hub de cidade"
https://[LEGACY_DOMAIN_REMOVED]/atendimento/araucaria/capela-velha,consolidada,https://[LEGACY_DOMAIN_REMOVED]/tecnico-informatica-araucaria,301,"hierarquia /atendimento descontinuada; intenção local preservada no hub de cidade"
https://[LEGACY_DOMAIN_REMOVED]/atendimento/araucaria/centro,consolidada,https://[LEGACY_DOMAIN_REMOVED]/tecnico-informatica-araucaria,301,"hierarquia /atendimento descontinuada; intenção local preservada no hub de cidade"
https://[LEGACY_DOMAIN_REMOVED]/atendimento/araucaria/iguacu,consolidada,https://[LEGACY_DOMAIN_REMOVED]/tecnico-informatica-araucaria,301,"hierarquia /atendimento descontinuada; intenção local preservada no hub de cidade"
https://[LEGACY_DOMAIN_REMOVED]/atendimento/balsa-nova,sem destino atual,,manter,"hierarquia /atendimento descontinuada; intenção local preservada no hub de cidade (destino /tecnico-informatica-balsa-nova inexistente)"
https://[LEGACY_DOMAIN_REMOVED]/atendimento/balsa-nova/centro,sem destino atual,,manter,"hierarquia /atendimento descontinuada; intenção local preservada no hub de cidade (destino /tecnico-informatica-balsa-nova inexistente)"
https://[LEGACY_DOMAIN_REMOVED]/atendimento/campo-largo,consolidada,https://[LEGACY_DOMAIN_REMOVED]/tecnico-informatica-campo-largo,301,"hierarquia /atendimento descontinuada; intenção local preservada no hub de cidade"
https://[LEGACY_DOMAIN_REMOVED]/atendimento/campo-largo/centro,consolidada,https://[LEGACY_DOMAIN_REMOVED]/tecnico-informatica-campo-largo,301,"hierarquia /atendimento descontinuada; intenção local preservada no hub de cidade"
https://[LEGACY_DOMAIN_REMOVED]/atendimento/campo-largo/cercadinho,consolidada,https://[LEGACY_DOMAIN_REMOVED]/tecnico-informatica-campo-largo,301,"hierarquia /atendimento descontinuada; intenção local preservada no hub de cidade"
https://[LEGACY_DOMAIN_REMOVED]/atendimento/campo-largo/sao-caetano,consolidada,https://[LEGACY_DOMAIN_REMOVED]/tecnico-informatica-campo-largo,301,"hierarquia /atendimento descontinuada; intenção local preservada no hub de cidade"
https://[LEGACY_DOMAIN_REMOVED]/atendimento/campo-magro,consolidada,https://[LEGACY_DOMAIN_REMOVED]/tecnico-informatica-campo-magro,301,"hierarquia /atendimento descontinuada; intenção local preservada no hub de cidade"
https://[LEGACY_DOMAIN_REMOVED]/atendimento/campo-magro/centro,consolidada,https://[LEGACY_DOMAIN_REMOVED]/tecnico-informatica-campo-magro,301,"hierarquia /atendimento descontinuada; intenção local preservada no hub de cidade"
https://[LEGACY_DOMAIN_REMOVED]/atendimento/colombo,consolidada,https://[LEGACY_DOMAIN_REMOVED]/tecnico-informatica-colombo,301,"hierarquia /atendimento descontinuada; intenção local preservada no hub de cidade"
https://[LEGACY_DOMAIN_REMOVED]/atendimento/colombo/alto-maracana,consolidada,https://[LEGACY_DOMAIN_REMOVED]/tecnico-informatica-colombo,301,"hierarquia /atendimento descontinuada; intenção local preservada no hub de cidade"
https://[LEGACY_DOMAIN_REMOVED]/atendimento/colombo/atuba,consolidada,https://[LEGACY_DOMAIN_REMOVED]/tecnico-informatica-colombo,301,"hierarquia /atendimento descontinuada; intenção local preservada no hub de cidade"
https://[LEGACY_DOMAIN_REMOVED]/atendimento/colombo/centro,consolidada,https://[LEGACY_DOMAIN_REMOVED]/tecnico-informatica-colombo,301,"hierarquia /atendimento descontinuada; intenção local preservada no hub de cidade"
https://[LEGACY_DOMAIN_REMOVED]/atendimento/colombo/sao-gabriel,consolidada,https://[LEGACY_DOMAIN_REMOVED]/tecnico-informatica-colombo,301,"hierarquia /atendimento descontinuada; intenção local preservada no hub de cidade"
https://[LEGACY_DOMAIN_REMOVED]/atendimento/contenda,sem destino atual,,manter,"hierarquia /atendimento descontinuada; intenção local preservada no hub de cidade (destino /tecnico-informatica-contenda inexistente)"
https://[LEGACY_DOMAIN_REMOVED]/atendimento/contenda/centro,sem destino atual,,manter,"hierarquia /atendimento descontinuada; intenção local preservada no hub de cidade (destino /tecnico-informatica-contenda inexistente)"
https://[LEGACY_DOMAIN_REMOVED]/atendimento/curitiba,consolidada,https://[LEGACY_DOMAIN_REMOVED]/tecnico-informatica-curitiba,301,"hierarquia /atendimento descontinuada; intenção local preservada no hub de cidade"
https://[LEGACY_DOMAIN_REMOVED]/atendimento/curitiba/agua-verde,consolidada,https://[LEGACY_DOMAIN_REMOVED]/tecnico-informatica-curitiba,301,"hierarquia /atendimento descontinuada; intenção local preservada no hub de cidade"
https://[LEGACY_DOMAIN_REMOVED]/atendimento/curitiba/bacacheri,consolidada,https://[LEGACY_DOMAIN_REMOVED]/tecnico-informatica-curitiba,301,"hierarquia /atendimento descontinuada; intenção local preservada no hub de cidade"
https://[LEGACY_DOMAIN_REMOVED]/atendimento/curitiba/batel,consolidada,https://[LEGACY_DOMAIN_REMOVED]/tecnico-informatica-curitiba,301,"hierarquia /atendimento descontinuada; intenção local preservada no hub de cidade"
https://[LEGACY_DOMAIN_REMOVED]/atendimento/curitiba/boa-vista,consolidada,https://[LEGACY_DOMAIN_REMOVED]/tecnico-informatica-curitiba,301,"hierarquia /atendimento descontinuada; intenção local preservada no hub de cidade"
https://[LEGACY_DOMAIN_REMOVED]/atendimento/curitiba/boqueirao,consolidada,https://[LEGACY_DOMAIN_REMOVED]/tecnico-informatica-curitiba,301,"hierarquia /atendimento descontinuada; intenção local preservada no hub de cidade"
https://[LEGACY_DOMAIN_REMOVED]/atendimento/curitiba/cabral,consolidada,https://[LEGACY_DOMAIN_REMOVED]/tecnico-informatica-curitiba,301,"hierarquia /atendimento descontinuada; intenção local preservada no hub de cidade"
https://[LEGACY_DOMAIN_REMOVED]/atendimento/curitiba/cajuru,consolidada,https://[LEGACY_DOMAIN_REMOVED]/tecnico-informatica-curitiba,301,"hierarquia /atendimento descontinuada; intenção local preservada no hub de cidade"
https://[LEGACY_DOMAIN_REMOVED]/atendimento/curitiba/centro,consolidada,https://[LEGACY_DOMAIN_REMOVED]/tecnico-informatica-curitiba,301,"hierarquia /atendimento descontinuada; intenção local preservada no hub de cidade"
https://[LEGACY_DOMAIN_REMOVED]/atendimento/curitiba/cic,consolidada,https://[LEGACY_DOMAIN_REMOVED]/tecnico-informatica-curitiba,301,"hierarquia /atendimento descontinuada; intenção local preservada no hub de cidade"
https://[LEGACY_DOMAIN_REMOVED]/atendimento/curitiba/hauer,consolidada,https://[LEGACY_DOMAIN_REMOVED]/tecnico-informatica-curitiba,301,"hierarquia /atendimento descontinuada; intenção local preservada no hub de cidade"
https://[LEGACY_DOMAIN_REMOVED]/atendimento/curitiba/novo-mundo,consolidada,https://[LEGACY_DOMAIN_REMOVED]/tecnico-informatica-curitiba,301,"hierarquia /atendimento descontinuada; intenção local preservada no hub de cidade"
https://[LEGACY_DOMAIN_REMOVED]/atendimento/curitiba/pinheirinho,consolidada,https://[LEGACY_DOMAIN_REMOVED]/tecnico-informatica-curitiba,301,"hierarquia /atendimento descontinuada; intenção local preservada no hub de cidade"
https://[LEGACY_DOMAIN_REMOVED]/atendimento/curitiba/portao,consolidada,https://[LEGACY_DOMAIN_REMOVED]/tecnico-informatica-curitiba,301,"hierarquia /atendimento descontinuada; intenção local preservada no hub de cidade"
https://[LEGACY_DOMAIN_REMOVED]/atendimento/curitiba/santa-felicidade,consolidada,https://[LEGACY_DOMAIN_REMOVED]/tecnico-informatica-curitiba,301,"hierarquia /atendimento descontinuada; intenção local preservada no hub de cidade"
https://[LEGACY_DOMAIN_REMOVED]/atendimento/curitiba/sitio-cercado,consolidada,https://[LEGACY_DOMAIN_REMOVED]/tecnico-informatica-curitiba,301,"hierarquia /atendimento descontinuada; intenção local preservada no hub de cidade"
https://[LEGACY_DOMAIN_REMOVED]/atendimento/curitiba/tatuquara,consolidada,https://[LEGACY_DOMAIN_REMOVED]/tecnico-informatica-curitiba,301,"hierarquia /atendimento descontinuada; intenção local preservada no hub de cidade"
https://[LEGACY_DOMAIN_REMOVED]/atendimento/curitiba/uberaba,consolidada,https://[LEGACY_DOMAIN_REMOVED]/tecnico-informatica-curitiba,301,"hierarquia /atendimento descontinuada; intenção local preservada no hub de cidade"
https://[LEGACY_DOMAIN_REMOVED]/atendimento/fazenda-rio-grande,consolidada,https://[LEGACY_DOMAIN_REMOVED]/tecnico-informatica-fazenda-rio-grande,301,"hierarquia /atendimento descontinuada; intenção local preservada no hub de cidade"
https://[LEGACY_DOMAIN_REMOVED]/atendimento/fazenda-rio-grande/centro,consolidada,https://[LEGACY_DOMAIN_REMOVED]/tecnico-informatica-fazenda-rio-grande,301,"hierarquia /atendimento descontinuada; intenção local preservada no hub de cidade"
https://[LEGACY_DOMAIN_REMOVED]/atendimento/fazenda-rio-grande/eucaliptos,consolidada,https://[LEGACY_DOMAIN_REMOVED]/tecnico-informatica-fazenda-rio-grande,301,"hierarquia /atendimento descontinuada; intenção local preservada no hub de cidade"
https://[LEGACY_DOMAIN_REMOVED]/atendimento/fazenda-rio-grande/nacoes,consolidada,https://[LEGACY_DOMAIN_REMOVED]/tecnico-informatica-fazenda-rio-grande,301,"hierarquia /atendimento descontinuada; intenção local preservada no hub de cidade"
https://[LEGACY_DOMAIN_REMOVED]/atendimento/mandirituba,sem destino atual,,manter,"hierarquia /atendimento descontinuada; intenção local preservada no hub de cidade (destino /tecnico-informatica-mandirituba inexistente)"
https://[LEGACY_DOMAIN_REMOVED]/atendimento/mandirituba/centro,sem destino atual,,manter,"hierarquia /atendimento descontinuada; intenção local preservada no hub de cidade (destino /tecnico-informatica-mandirituba inexistente)"
https://[LEGACY_DOMAIN_REMOVED]/atendimento/pinhais,consolidada,https://[LEGACY_DOMAIN_REMOVED]/tecnico-informatica-pinhais,301,"hierarquia /atendimento descontinuada; intenção local preservada no hub de cidade"
https://[LEGACY_DOMAIN_REMOVED]/atendimento/pinhais/atuba,consolidada,https://[LEGACY_DOMAIN_REMOVED]/tecnico-informatica-pinhais,301,"hierarquia /atendimento descontinuada; intenção local preservada no hub de cidade"
https://[LEGACY_DOMAIN_REMOVED]/atendimento/pinhais/centro,consolidada,https://[LEGACY_DOMAIN_REMOVED]/tecnico-informatica-pinhais,301,"hierarquia /atendimento descontinuada; intenção local preservada no hub de cidade"
https://[LEGACY_DOMAIN_REMOVED]/atendimento/pinhais/estancia-pinhais,consolidada,https://[LEGACY_DOMAIN_REMOVED]/tecnico-informatica-pinhais,301,"hierarquia /atendimento descontinuada; intenção local preservada no hub de cidade"
https://[LEGACY_DOMAIN_REMOVED]/atendimento/pinhais/weissopolis,consolidada,https://[LEGACY_DOMAIN_REMOVED]/tecnico-informatica-pinhais,301,"hierarquia /atendimento descontinuada; intenção local preservada no hub de cidade"
https://[LEGACY_DOMAIN_REMOVED]/atendimento/piraquara,consolidada,https://[LEGACY_DOMAIN_REMOVED]/tecnico-informatica-piraquara,301,"hierarquia /atendimento descontinuada; intenção local preservada no hub de cidade"
https://[LEGACY_DOMAIN_REMOVED]/atendimento/piraquara/centro,consolidada,https://[LEGACY_DOMAIN_REMOVED]/tecnico-informatica-piraquara,301,"hierarquia /atendimento descontinuada; intenção local preservada no hub de cidade"
https://[LEGACY_DOMAIN_REMOVED]/atendimento/piraquara/guarituba,consolidada,https://[LEGACY_DOMAIN_REMOVED]/tecnico-informatica-piraquara,301,"hierarquia /atendimento descontinuada; intenção local preservada no hub de cidade"
https://[LEGACY_DOMAIN_REMOVED]/atendimento/quatro-barras,consolidada,https://[LEGACY_DOMAIN_REMOVED]/tecnico-informatica-quatro-barras,301,"hierarquia /atendimento descontinuada; intenção local preservada no hub de cidade"
https://[LEGACY_DOMAIN_REMOVED]/atendimento/quatro-barras/centro,consolidada,https://[LEGACY_DOMAIN_REMOVED]/tecnico-informatica-quatro-barras,301,"hierarquia /atendimento descontinuada; intenção local preservada no hub de cidade"
https://[LEGACY_DOMAIN_REMOVED]/atendimento/rio-branco-do-sul,sem destino atual,,manter,"hierarquia /atendimento descontinuada; intenção local preservada no hub de cidade (destino /tecnico-informatica-rio-branco-do-sul inexistente)"
https://[LEGACY_DOMAIN_REMOVED]/atendimento/rio-branco-do-sul/centro,sem destino atual,,manter,"hierarquia /atendimento descontinuada; intenção local preservada no hub de cidade (destino /tecnico-informatica-rio-branco-do-sul inexistente)"
https://[LEGACY_DOMAIN_REMOVED]/atendimento/sao-jose-dos-pinhais,consolidada,https://[LEGACY_DOMAIN_REMOVED]/tecnico-informatica-sao-jose-pinhais,301,"hierarquia /atendimento descontinuada; intenção local preservada no hub de cidade"
https://[LEGACY_DOMAIN_REMOVED]/atendimento/sao-jose-dos-pinhais/afonso-pena,consolidada,https://[LEGACY_DOMAIN_REMOVED]/tecnico-informatica-sao-jose-pinhais,301,"hierarquia /atendimento descontinuada; intenção local preservada no hub de cidade"
https://[LEGACY_DOMAIN_REMOVED]/atendimento/sao-jose-dos-pinhais/aviacao,consolidada,https://[LEGACY_DOMAIN_REMOVED]/tecnico-informatica-sao-jose-pinhais,301,"hierarquia /atendimento descontinuada; intenção local preservada no hub de cidade"
https://[LEGACY_DOMAIN_REMOVED]/atendimento/sao-jose-dos-pinhais/centro,consolidada,https://[LEGACY_DOMAIN_REMOVED]/tecnico-informatica-sao-jose-pinhais,301,"hierarquia /atendimento descontinuada; intenção local preservada no hub de cidade"
https://[LEGACY_DOMAIN_REMOVED]/atendimento/sao-jose-dos-pinhais/cidade-jardim,consolidada,https://[LEGACY_DOMAIN_REMOVED]/tecnico-informatica-sao-jose-pinhais,301,"hierarquia /atendimento descontinuada; intenção local preservada no hub de cidade"
https://[LEGACY_DOMAIN_REMOVED]/atendimento/sao-jose-dos-pinhais/guatupe,consolidada,https://[LEGACY_DOMAIN_REMOVED]/tecnico-informatica-sao-jose-pinhais,301,"hierarquia /atendimento descontinuada; intenção local preservada no hub de cidade"
https://[LEGACY_DOMAIN_REMOVED]/atendimento/sao-jose-dos-pinhais/sao-pedro,consolidada,https://[LEGACY_DOMAIN_REMOVED]/tecnico-informatica-sao-jose-pinhais,301,"hierarquia /atendimento descontinuada; intenção local preservada no hub de cidade"
https://[LEGACY_DOMAIN_REMOVED]/atendimento/tijucas-do-sul,sem destino atual,,manter,"hierarquia /atendimento descontinuada; intenção local preservada no hub de cidade (destino /tecnico-informatica-tijucas-do-sul inexistente)"
https://[LEGACY_DOMAIN_REMOVED]/atendimento/tijucas-do-sul/centro,sem destino atual,,manter,"hierarquia /atendimento descontinuada; intenção local preservada no hub de cidade (destino /tecnico-informatica-tijucas-do-sul inexistente)"
https://[LEGACY_DOMAIN_REMOVED]/autor/tecnico-curitiba,utilitária,https://[LEGACY_DOMAIN_REMOVED]/gestor-responsavel,301,"página de autor → gestor responsável (E-E-A-T)"
https://[LEGACY_DOMAIN_REMOVED]/bairros/academia-sjp,exata,https://[LEGACY_DOMAIN_REMOVED]/bairros/academia-sjp,301,"rota idêntica no domínio novo"
https://[LEGACY_DOMAIN_REMOVED]/bairros/afonso-pena,exata,https://[LEGACY_DOMAIN_REMOVED]/bairros/afonso-pena,301,"rota idêntica no domínio novo"
https://[LEGACY_DOMAIN_REMOVED]/bairros/agricola-sjp,exata,https://[LEGACY_DOMAIN_REMOVED]/bairros/agricola-sjp,301,"rota idêntica no domínio novo"
https://[LEGACY_DOMAIN_REMOVED]/bairros/agua-verde,exata,https://[LEGACY_DOMAIN_REMOVED]/bairros/agua-verde,301,"rota idêntica no domínio novo"
https://[LEGACY_DOMAIN_REMOVED]/bairros/alto-boqueirao,exata,https://[LEGACY_DOMAIN_REMOVED]/bairros/alto-boqueirao,301,"rota idêntica no domínio novo"
https://[LEGACY_DOMAIN_REMOVED]/bairros/alto-da-gloria,exata,https://[LEGACY_DOMAIN_REMOVED]/bairros/alto-da-gloria,301,"rota idêntica no domínio novo"
https://[LEGACY_DOMAIN_REMOVED]/bairros/alto-maracana,exata,https://[LEGACY_DOMAIN_REMOVED]/bairros/alto-maracana,301,"rota idêntica no domínio novo"
https://[LEGACY_DOMAIN_REMOVED]/bairros/alto-taruma,exata,https://[LEGACY_DOMAIN_REMOVED]/bairros/alto-taruma,301,"rota idêntica no domínio novo"
https://[LEGACY_DOMAIN_REMOVED]/bairros/antonio-olivero-cm,exata,https://[LEGACY_DOMAIN_REMOVED]/bairros/antonio-olivero-cm,301,"rota idêntica no domínio novo"
https://[LEGACY_DOMAIN_REMOVED]/bairros/aristocrata,exata,https://[LEGACY_DOMAIN_REMOVED]/bairros/aristocrata,301,"rota idêntica no domínio novo"
https://[LEGACY_DOMAIN_REMOVED]/bairros/atuba-colombo,exata,https://[LEGACY_DOMAIN_REMOVED]/bairros/atuba-colombo,301,"rota idêntica no domínio novo"
https://[LEGACY_DOMAIN_REMOVED]/bairros/atuba-pinhais,exata,https://[LEGACY_DOMAIN_REMOVED]/bairros/atuba-pinhais,301,"rota idêntica no domínio novo"
https://[LEGACY_DOMAIN_REMOVED]/bairros/aviacao,exata,https://[LEGACY_DOMAIN_REMOVED]/bairros/aviacao,301,"rota idêntica no domínio novo"
https://[LEGACY_DOMAIN_REMOVED]/bairros/bacacheri,exata,https://[LEGACY_DOMAIN_REMOVED]/bairros/bacacheri,301,"rota idêntica no domínio novo"
https://[LEGACY_DOMAIN_REMOVED]/bairros/barigui-araucaria,exata,https://[LEGACY_DOMAIN_REMOVED]/bairros/barigui-araucaria,301,"rota idêntica no domínio novo"
https://[LEGACY_DOMAIN_REMOVED]/bairros/barro-preto,exata,https://[LEGACY_DOMAIN_REMOVED]/bairros/barro-preto,301,"rota idêntica no domínio novo"
https://[LEGACY_DOMAIN_REMOVED]/bairros/bateias,exata,https://[LEGACY_DOMAIN_REMOVED]/bairros/bateias,301,"rota idêntica no domínio novo"
https://[LEGACY_DOMAIN_REMOVED]/bairros/batel,exata,https://[LEGACY_DOMAIN_REMOVED]/bairros/batel,301,"rota idêntica no domínio novo"
https://[LEGACY_DOMAIN_REMOVED]/bairros/bigorrilho,exata,https://[LEGACY_DOMAIN_REMOVED]/bairros/bigorrilho,301,"rota idêntica no domínio novo"
https://[LEGACY_DOMAIN_REMOVED]/bairros/boa-vista,exata,https://[LEGACY_DOMAIN_REMOVED]/bairros/boa-vista,301,"rota idêntica no domínio novo"
https://[LEGACY_DOMAIN_REMOVED]/bairros/boa-vista-at,exata,https://[LEGACY_DOMAIN_REMOVED]/bairros/boa-vista-at,301,"rota idêntica no domínio novo"
https://[LEGACY_DOMAIN_REMOVED]/bairros/boneca-do-iguacu-sjp,exata,https://[LEGACY_DOMAIN_REMOVED]/bairros/boneca-do-iguacu-sjp,301,"rota idêntica no domínio novo"
https://[LEGACY_DOMAIN_REMOVED]/bairros/boqueirao,exata,https://[LEGACY_DOMAIN_REMOVED]/bairros/boqueirao,301,"rota idêntica no domínio novo"
https://[LEGACY_DOMAIN_REMOVED]/bairros/boqueirao-araucaria,exata,https://[LEGACY_DOMAIN_REMOVED]/bairros/boqueirao-araucaria,301,"rota idêntica no domínio novo"
https://[LEGACY_DOMAIN_REMOVED]/bairros/borda-campo-sjp,exata,https://[LEGACY_DOMAIN_REMOVED]/bairros/borda-campo-sjp,301,"rota idêntica no domínio novo"
https://[LEGACY_DOMAIN_REMOVED]/bairros/borda-do-campo-qb,exata,https://[LEGACY_DOMAIN_REMOVED]/bairros/borda-do-campo-qb,301,"rota idêntica no domínio novo"
https://[LEGACY_DOMAIN_REMOVED]/bairros/borda-do-campo-sjp,exata,https://[LEGACY_DOMAIN_REMOVED]/bairros/borda-do-campo-sjp,301,"rota idêntica no domínio novo"
https://[LEGACY_DOMAIN_REMOVED]/bairros/botiatuva,exata,https://[LEGACY_DOMAIN_REMOVED]/bairros/botiatuva,301,"rota idêntica no domínio novo"
https://[LEGACY_DOMAIN_REMOVED]/bairros/botiatuva-cm,exata,https://[LEGACY_DOMAIN_REMOVED]/bairros/botiatuva-cm,301,"rota idêntica no domínio novo"
https://[LEGACY_DOMAIN_REMOVED]/bairros/braga,exata,https://[LEGACY_DOMAIN_REMOVED]/bairros/braga,301,"rota idêntica no domínio novo"
https://[LEGACY_DOMAIN_REMOVED]/bairros/cabral,exata,https://[LEGACY_DOMAIN_REMOVED]/bairros/cabral,301,"rota idêntica no domínio novo"
https://[LEGACY_DOMAIN_REMOVED]/bairros/cachoeira-araucaria,exata,https://[LEGACY_DOMAIN_REMOVED]/bairros/cachoeira-araucaria,301,"rota idêntica no domínio novo"
https://[LEGACY_DOMAIN_REMOVED]/bairros/cachoeira-at,exata,https://[LEGACY_DOMAIN_REMOVED]/bairros/cachoeira-at,301,"rota idêntica no domínio novo"
https://[LEGACY_DOMAIN_REMOVED]/bairros/caiua-piraquara,exata,https://[LEGACY_DOMAIN_REMOVED]/bairros/caiua-piraquara,301,"rota idêntica no domínio novo"
https://[LEGACY_DOMAIN_REMOVED]/bairros/cajuru,exata,https://[LEGACY_DOMAIN_REMOVED]/bairros/cajuru,301,"rota idêntica no domínio novo"
https://[LEGACY_DOMAIN_REMOVED]/bairros/california-araucaria,exata,https://[LEGACY_DOMAIN_REMOVED]/bairros/california-araucaria,301,"rota idêntica no domínio novo"
https://[LEGACY_DOMAIN_REMOVED]/bairros/campina-da-barra,exata,https://[LEGACY_DOMAIN_REMOVED]/bairros/campina-da-barra,301,"rota idêntica no domínio novo"
https://[LEGACY_DOMAIN_REMOVED]/bairros/campina-grande-colombo,exata,https://[LEGACY_DOMAIN_REMOVED]/bairros/campina-grande-colombo,301,"rota idêntica no domínio novo"
https://[LEGACY_DOMAIN_REMOVED]/bairros/campo-comprido,exata,https://[LEGACY_DOMAIN_REMOVED]/bairros/campo-comprido,301,"rota idêntica no domínio novo"
https://[LEGACY_DOMAIN_REMOVED]/bairros/campo-largo-roseira-sjp,exata,https://[LEGACY_DOMAIN_REMOVED]/bairros/campo-largo-roseira-sjp,301,"rota idêntica no domínio novo"
https://[LEGACY_DOMAIN_REMOVED]/bairros/campo-pequeno,exata,https://[LEGACY_DOMAIN_REMOVED]/bairros/campo-pequeno,301,"rota idêntica no domínio novo"
https://[LEGACY_DOMAIN_REMOVED]/bairros/campo-tenente-at,exata,https://[LEGACY_DOMAIN_REMOVED]/bairros/campo-tenente-at,301,"rota idêntica no domínio novo"
https://[LEGACY_DOMAIN_REMOVED]/bairros/capao-da-imbuia,exata,https://[LEGACY_DOMAIN_REMOVED]/bairros/capao-da-imbuia,301,"rota idêntica no domínio novo"
https://[LEGACY_DOMAIN_REMOVED]/bairros/capela-velha,exata,https://[LEGACY_DOMAIN_REMOVED]/bairros/capela-velha,301,"rota idêntica no domínio novo"
https://[LEGACY_DOMAIN_REMOVED]/bairros/centro,exata,https://[LEGACY_DOMAIN_REMOVED]/bairros/centro,301,"rota idêntica no domínio novo"
https://[LEGACY_DOMAIN_REMOVED]/bairros/centro-almirante-tamandare,exata,https://[LEGACY_DOMAIN_REMOVED]/bairros/centro-almirante-tamandare,301,"rota idêntica no domínio novo"
https://[LEGACY_DOMAIN_REMOVED]/bairros/centro-araucaria,exata,https://[LEGACY_DOMAIN_REMOVED]/bairros/centro-araucaria,301,"rota idêntica no domínio novo"
https://[LEGACY_DOMAIN_REMOVED]/bairros/centro-campo-largo,exata,https://[LEGACY_DOMAIN_REMOVED]/bairros/centro-campo-largo,301,"rota idêntica no domínio novo"
https://[LEGACY_DOMAIN_REMOVED]/bairros/centro-campo-magro,exata,https://[LEGACY_DOMAIN_REMOVED]/bairros/centro-campo-magro,301,"rota idêntica no domínio novo"
https://[LEGACY_DOMAIN_REMOVED]/bairros/centro-colombo,exata,https://[LEGACY_DOMAIN_REMOVED]/bairros/centro-colombo,301,"rota idêntica no domínio novo"
https://[LEGACY_DOMAIN_REMOVED]/bairros/centro-fazenda-rio-grande,exata,https://[LEGACY_DOMAIN_REMOVED]/bairros/centro-fazenda-rio-grande,301,"rota idêntica no domínio novo"
https://[LEGACY_DOMAIN_REMOVED]/bairros/centro-pinhais,exata,https://[LEGACY_DOMAIN_REMOVED]/bairros/centro-pinhais,301,"rota idêntica no domínio novo"
https://[LEGACY_DOMAIN_REMOVED]/bairros/centro-piraquara,exata,https://[LEGACY_DOMAIN_REMOVED]/bairros/centro-piraquara,301,"rota idêntica no domínio novo"
https://[LEGACY_DOMAIN_REMOVED]/bairros/centro-quatro-barras,exata,https://[LEGACY_DOMAIN_REMOVED]/bairros/centro-quatro-barras,301,"rota idêntica no domínio novo"
https://[LEGACY_DOMAIN_REMOVED]/bairros/chapada,exata,https://[LEGACY_DOMAIN_REMOVED]/bairros/chapada,301,"rota idêntica no domínio novo"
https://[LEGACY_DOMAIN_REMOVED]/bairros/cic,exata,https://[LEGACY_DOMAIN_REMOVED]/bairros/cic,301,"rota idêntica no domínio novo"
https://[LEGACY_DOMAIN_REMOVED]/bairros/cidade-jardim-sjp,exata,https://[LEGACY_DOMAIN_REMOVED]/bairros/cidade-jardim-sjp,301,"rota idêntica no domínio novo"
https://[LEGACY_DOMAIN_REMOVED]/bairros/colonia-antonio-prado,exata,https://[LEGACY_DOMAIN_REMOVED]/bairros/colonia-antonio-prado,301,"rota idêntica no domínio novo"
https://[LEGACY_DOMAIN_REMOVED]/bairros/colonia-malhada-cl,exata,https://[LEGACY_DOMAIN_REMOVED]/bairros/colonia-malhada-cl,301,"rota idêntica no domínio novo"
https://[LEGACY_DOMAIN_REMOVED]/bairros/colonia-murici-sjp,exata,https://[LEGACY_DOMAIN_REMOVED]/bairros/colonia-murici-sjp,301,"rota idêntica no domínio novo"
https://[LEGACY_DOMAIN_REMOVED]/bairros/correia-de-freitas,exata,https://[LEGACY_DOMAIN_REMOVED]/bairros/correia-de-freitas,301,"rota idêntica no domínio novo"
https://[LEGACY_DOMAIN_REMOVED]/bairros/costeira,exata,https://[LEGACY_DOMAIN_REMOVED]/bairros/costeira,301,"rota idêntica no domínio novo"
https://[LEGACY_DOMAIN_REMOVED]/bairros/costeira-araucaria,exata,https://[LEGACY_DOMAIN_REMOVED]/bairros/costeira-araucaria,301,"rota idêntica no domínio novo"
https://[LEGACY_DOMAIN_REMOVED]/bairros/cristo-rei,exata,https://[LEGACY_DOMAIN_REMOVED]/bairros/cristo-rei,301,"rota idêntica no domínio novo"
https://[LEGACY_DOMAIN_REMOVED]/bairros/cruzeiro,exata,https://[LEGACY_DOMAIN_REMOVED]/bairros/cruzeiro,301,"rota idêntica no domínio novo"
https://[LEGACY_DOMAIN_REMOVED]/bairros/del-rey,exata,https://[LEGACY_DOMAIN_REMOVED]/bairros/del-rey,301,"rota idêntica no domínio novo"
https://[LEGACY_DOMAIN_REMOVED]/bairros/embu-colombo,exata,https://[LEGACY_DOMAIN_REMOVED]/bairros/embu-colombo,301,"rota idêntica no domínio novo"
https://[LEGACY_DOMAIN_REMOVED]/bairros/emiliano-perneta,exata,https://[LEGACY_DOMAIN_REMOVED]/bairros/emiliano-perneta,301,"rota idêntica no domínio novo"
https://[LEGACY_DOMAIN_REMOVED]/bairros/espigao-alegre-cm,exata,https://[LEGACY_DOMAIN_REMOVED]/bairros/espigao-alegre-cm,301,"rota idêntica no domínio novo"
https://[LEGACY_DOMAIN_REMOVED]/bairros/estacao-araucaria,exata,https://[LEGACY_DOMAIN_REMOVED]/bairros/estacao-araucaria,301,"rota idêntica no domínio novo"
https://[LEGACY_DOMAIN_REMOVED]/bairros/estancia-pinhais,exata,https://[LEGACY_DOMAIN_REMOVED]/bairros/estancia-pinhais,301,"rota idêntica no domínio novo"
https://[LEGACY_DOMAIN_REMOVED]/bairros/eucaliptos-frg,exata,https://[LEGACY_DOMAIN_REMOVED]/bairros/eucaliptos-frg,301,"rota idêntica no domínio novo"
https://[LEGACY_DOMAIN_REMOVED]/bairros/fatima-colombo,exata,https://[LEGACY_DOMAIN_REMOVED]/bairros/fatima-colombo,301,"rota idêntica no domínio novo"
https://[LEGACY_DOMAIN_REMOVED]/bairros/fazenda-velha-araucaria,exata,https://[LEGACY_DOMAIN_REMOVED]/bairros/fazenda-velha-araucaria,301,"rota idêntica no domínio novo"
https://[LEGACY_DOMAIN_REMOVED]/bairros/fazendinha,exata,https://[LEGACY_DOMAIN_REMOVED]/bairros/fazendinha,301,"rota idêntica no domínio novo"
https://[LEGACY_DOMAIN_REMOVED]/bairros/ferraria,exata,https://[LEGACY_DOMAIN_REMOVED]/bairros/ferraria,301,"rota idêntica no domínio novo"
https://[LEGACY_DOMAIN_REMOVED]/bairros/gabirobal,exata,https://[LEGACY_DOMAIN_REMOVED]/bairros/gabirobal,301,"rota idêntica no domínio novo"
https://[LEGACY_DOMAIN_REMOVED]/bairros/graciosa,exata,https://[LEGACY_DOMAIN_REMOVED]/bairros/graciosa,301,"rota idêntica no domínio novo"
https://[LEGACY_DOMAIN_REMOVED]/bairros/graciosa-qb,exata,https://[LEGACY_DOMAIN_REMOVED]/bairros/graciosa-qb,301,"rota idêntica no domínio novo"
https://[LEGACY_DOMAIN_REMOVED]/bairros/gralha-azul,exata,https://[LEGACY_DOMAIN_REMOVED]/bairros/gralha-azul,301,"rota idêntica no domínio novo"
https://[LEGACY_DOMAIN_REMOVED]/bairros/guajuvira,exata,https://[LEGACY_DOMAIN_REMOVED]/bairros/guajuvira,301,"rota idêntica no domínio novo"
https://[LEGACY_DOMAIN_REMOVED]/bairros/guaraituba-colombo,exata,https://[LEGACY_DOMAIN_REMOVED]/bairros/guaraituba-colombo,301,"rota idêntica no domínio novo"
https://[LEGACY_DOMAIN_REMOVED]/bairros/guarituba-piraquara,exata,https://[LEGACY_DOMAIN_REMOVED]/bairros/guarituba-piraquara,301,"rota idêntica no domínio novo"
https://[LEGACY_DOMAIN_REMOVED]/bairros/guatupe,exata,https://[LEGACY_DOMAIN_REMOVED]/bairros/guatupe,301,"rota idêntica no domínio novo"
https://[LEGACY_DOMAIN_REMOVED]/bairros/hauer,exata,https://[LEGACY_DOMAIN_REMOVED]/bairros/hauer,301,"rota idêntica no domínio novo"
https://[LEGACY_DOMAIN_REMOVED]/bairros/hortencia-frg,exata,https://[LEGACY_DOMAIN_REMOVED]/bairros/hortencia-frg,301,"rota idêntica no domínio novo"
https://[LEGACY_DOMAIN_REMOVED]/bairros/hugo-lange,exata,https://[LEGACY_DOMAIN_REMOVED]/bairros/hugo-lange,301,"rota idêntica no domínio novo"
https://[LEGACY_DOMAIN_REMOVED]/bairros/iguacu-araucaria,exata,https://[LEGACY_DOMAIN_REMOVED]/bairros/iguacu-araucaria,301,"rota idêntica no domínio novo"
https://[LEGACY_DOMAIN_REMOVED]/bairros/iguacu-frg,exata,https://[LEGACY_DOMAIN_REMOVED]/bairros/iguacu-frg,301,"rota idêntica no domínio novo"
https://[LEGACY_DOMAIN_REMOVED]/bairros/independencia-sjp,exata,https://[LEGACY_DOMAIN_REMOVED]/bairros/independencia-sjp,301,"rota idêntica no domínio novo"
https://[LEGACY_DOMAIN_REMOVED]/bairros/industrial-araucaria,exata,https://[LEGACY_DOMAIN_REMOVED]/bairros/industrial-araucaria,301,"rota idêntica no domínio novo"
https://[LEGACY_DOMAIN_REMOVED]/bairros/ipe-sjp,exata,https://[LEGACY_DOMAIN_REMOVED]/bairros/ipe-sjp,301,"rota idêntica no domínio novo"
https://[LEGACY_DOMAIN_REMOVED]/bairros/irai-piraquara,exata,https://[LEGACY_DOMAIN_REMOVED]/bairros/irai-piraquara,301,"rota idêntica no domínio novo"
https://[LEGACY_DOMAIN_REMOVED]/bairros/italia-sjp,exata,https://[LEGACY_DOMAIN_REMOVED]/bairros/italia-sjp,301,"rota idêntica no domínio novo"
https://[LEGACY_DOMAIN_REMOVED]/bairros/itaqui,exata,https://[LEGACY_DOMAIN_REMOVED]/bairros/itaqui,301,"rota idêntica no domínio novo"
https://[LEGACY_DOMAIN_REMOVED]/bairros/jardim-amelia,exata,https://[LEGACY_DOMAIN_REMOVED]/bairros/jardim-amelia,301,"rota idêntica no domínio novo"
https://[LEGACY_DOMAIN_REMOVED]/bairros/jardim-america-campo-largo,exata,https://[LEGACY_DOMAIN_REMOVED]/bairros/jardim-america-campo-largo,301,"rota idêntica no domínio novo"
https://[LEGACY_DOMAIN_REMOVED]/bairros/jardim-bela-vista-piraquara,exata,https://[LEGACY_DOMAIN_REMOVED]/bairros/jardim-bela-vista-piraquara,301,"rota idêntica no domínio novo"
https://[LEGACY_DOMAIN_REMOVED]/bairros/jardim-boa-vista-araucaria,exata,https://[LEGACY_DOMAIN_REMOVED]/bairros/jardim-boa-vista-araucaria,301,"rota idêntica no domínio novo"
https://[LEGACY_DOMAIN_REMOVED]/bairros/jardim-boa-vista-cm,exata,https://[LEGACY_DOMAIN_REMOVED]/bairros/jardim-boa-vista-cm,301,"rota idêntica no domínio novo"
https://[LEGACY_DOMAIN_REMOVED]/bairros/jardim-botanico,exata,https://[LEGACY_DOMAIN_REMOVED]/bairros/jardim-botanico,301,"rota idêntica no domínio novo"
https://[LEGACY_DOMAIN_REMOVED]/bairros/jardim-claudia,exata,https://[LEGACY_DOMAIN_REMOVED]/bairros/jardim-claudia,301,"rota idêntica no domínio novo"
https://[LEGACY_DOMAIN_REMOVED]/bairros/jardim-claudia-ii-pinhais,exata,https://[LEGACY_DOMAIN_REMOVED]/bairros/jardim-claudia-ii-pinhais,301,"rota idêntica no domínio novo"
https://[LEGACY_DOMAIN_REMOVED]/bairros/jardim-condor-frg,exata,https://[LEGACY_DOMAIN_REMOVED]/bairros/jardim-condor-frg,301,"rota idêntica no domínio novo"
https://[LEGACY_DOMAIN_REMOVED]/bairros/jardim-das-americas,exata,https://[LEGACY_DOMAIN_REMOVED]/bairros/jardim-das-americas,301,"rota idêntica no domínio novo"
https://[LEGACY_DOMAIN_REMOVED]/bairros/jardim-das-pedras-frg,exata,https://[LEGACY_DOMAIN_REMOVED]/bairros/jardim-das-pedras-frg,301,"rota idêntica no domínio novo"
https://[LEGACY_DOMAIN_REMOVED]/bairros/jardim-dona-rosa-pinhais,exata,https://[LEGACY_DOMAIN_REMOVED]/bairros/jardim-dona-rosa-pinhais,301,"rota idêntica no domínio novo"
https://[LEGACY_DOMAIN_REMOVED]/bairros/jardim-esperanca-cl,exata,https://[LEGACY_DOMAIN_REMOVED]/bairros/jardim-esperanca-cl,301,"rota idêntica no domínio novo"
https://[LEGACY_DOMAIN_REMOVED]/bairros/jardim-esplanada-pinhais,exata,https://[LEGACY_DOMAIN_REMOVED]/bairros/jardim-esplanada-pinhais,301,"rota idêntica no domínio novo"
https://[LEGACY_DOMAIN_REMOVED]/bairros/jardim-estados,exata,https://[LEGACY_DOMAIN_REMOVED]/bairros/jardim-estados,301,"rota idêntica no domínio novo"
https://[LEGACY_DOMAIN_REMOVED]/bairros/jardim-florestal-qb,exata,https://[LEGACY_DOMAIN_REMOVED]/bairros/jardim-florestal-qb,301,"rota idêntica no domínio novo"
https://[LEGACY_DOMAIN_REMOVED]/bairros/jardim-graziela,exata,https://[LEGACY_DOMAIN_REMOVED]/bairros/jardim-graziela,301,"rota idêntica no domínio novo"
https://[LEGACY_DOMAIN_REMOVED]/bairros/jardim-guilhermina,exata,https://[LEGACY_DOMAIN_REMOVED]/bairros/jardim-guilhermina,301,"rota idêntica no domínio novo"
https://[LEGACY_DOMAIN_REMOVED]/bairros/jardim-iguacu-araucaria,exata,https://[LEGACY_DOMAIN_REMOVED]/bairros/jardim-iguacu-araucaria,301,"rota idêntica no domínio novo"
https://[LEGACY_DOMAIN_REMOVED]/bairros/jardim-ipe-frg,exata,https://[LEGACY_DOMAIN_REMOVED]/bairros/jardim-ipe-frg,301,"rota idêntica no domínio novo"
https://[LEGACY_DOMAIN_REMOVED]/bairros/jardim-japao-qb,exata,https://[LEGACY_DOMAIN_REMOVED]/bairros/jardim-japao-qb,301,"rota idêntica no domínio novo"
https://[LEGACY_DOMAIN_REMOVED]/bairros/jardim-karla-pinhais,exata,https://[LEGACY_DOMAIN_REMOVED]/bairros/jardim-karla-pinhais,301,"rota idêntica no domínio novo"
https://[LEGACY_DOMAIN_REMOVED]/bairros/jardim-laranjeiras-cl,exata,https://[LEGACY_DOMAIN_REMOVED]/bairros/jardim-laranjeiras-cl,301,"rota idêntica no domínio novo"
https://[LEGACY_DOMAIN_REMOVED]/bairros/jardim-menino-deus-qb,exata,https://[LEGACY_DOMAIN_REMOVED]/bairros/jardim-menino-deus-qb,301,"rota idêntica no domínio novo"
https://[LEGACY_DOMAIN_REMOVED]/bairros/jardim-monte-santo,exata,https://[LEGACY_DOMAIN_REMOVED]/bairros/jardim-monte-santo,301,"rota idêntica no domínio novo"
https://[LEGACY_DOMAIN_REMOVED]/bairros/jardim-novo-horizonte-cl,exata,https://[LEGACY_DOMAIN_REMOVED]/bairros/jardim-novo-horizonte-cl,301,"rota idêntica no domínio novo"
https://[LEGACY_DOMAIN_REMOVED]/bairros/jardim-osasco,exata,https://[LEGACY_DOMAIN_REMOVED]/bairros/jardim-osasco,301,"rota idêntica no domínio novo"
https://[LEGACY_DOMAIN_REMOVED]/bairros/jardim-paraiso-at,exata,https://[LEGACY_DOMAIN_REMOVED]/bairros/jardim-paraiso-at,301,"rota idêntica no domínio novo"
https://[LEGACY_DOMAIN_REMOVED]/bairros/jardim-paranagua-at,exata,https://[LEGACY_DOMAIN_REMOVED]/bairros/jardim-paranagua-at,301,"rota idêntica no domínio novo"
https://[LEGACY_DOMAIN_REMOVED]/bairros/jardim-pedro-demeterco,exata,https://[LEGACY_DOMAIN_REMOVED]/bairros/jardim-pedro-demeterco,301,"rota idêntica no domínio novo"
https://[LEGACY_DOMAIN_REMOVED]/bairros/jardim-planalto-campo-largo,exata,https://[LEGACY_DOMAIN_REMOVED]/bairros/jardim-planalto-campo-largo,301,"rota idêntica no domínio novo"
https://[LEGACY_DOMAIN_REMOVED]/bairros/jardim-planalto-ii-cl,exata,https://[LEGACY_DOMAIN_REMOVED]/bairros/jardim-planalto-ii-cl,301,"rota idêntica no domínio novo"
https://[LEGACY_DOMAIN_REMOVED]/bairros/jardim-primavera-piraquara,exata,https://[LEGACY_DOMAIN_REMOVED]/bairros/jardim-primavera-piraquara,301,"rota idêntica no domínio novo"
https://[LEGACY_DOMAIN_REMOVED]/bairros/jardim-roma,exata,https://[LEGACY_DOMAIN_REMOVED]/bairros/jardim-roma,301,"rota idêntica no domínio novo"
https://[LEGACY_DOMAIN_REMOVED]/bairros/jardim-santo-antonio-piraquara,exata,https://[LEGACY_DOMAIN_REMOVED]/bairros/jardim-santo-antonio-piraquara,301,"rota idêntica no domínio novo"
https://[LEGACY_DOMAIN_REMOVED]/bairros/jardim-sao-jorge-at,exata,https://[LEGACY_DOMAIN_REMOVED]/bairros/jardim-sao-jorge-at,301,"rota idêntica no domínio novo"
https://[LEGACY_DOMAIN_REMOVED]/bairros/jardim-sao-paulo-piraquara,exata,https://[LEGACY_DOMAIN_REMOVED]/bairros/jardim-sao-paulo-piraquara,301,"rota idêntica no domínio novo"
https://[LEGACY_DOMAIN_REMOVED]/bairros/jardim-shangrila-araucaria,exata,https://[LEGACY_DOMAIN_REMOVED]/bairros/jardim-shangrila-araucaria,301,"rota idêntica no domínio novo"
https://[LEGACY_DOMAIN_REMOVED]/bairros/jardim-social,exata,https://[LEGACY_DOMAIN_REMOVED]/bairros/jardim-social,301,"rota idêntica no domínio novo"
https://[LEGACY_DOMAIN_REMOVED]/bairros/jardim-tropical-pinhais,exata,https://[LEGACY_DOMAIN_REMOVED]/bairros/jardim-tropical-pinhais,301,"rota idêntica no domínio novo"
https://[LEGACY_DOMAIN_REMOVED]/bairros/jardim-uniao-piraquara,exata,https://[LEGACY_DOMAIN_REMOVED]/bairros/jardim-uniao-piraquara,301,"rota idêntica no domínio novo"
https://[LEGACY_DOMAIN_REMOVED]/bairros/jardim-wissinger-pinhais,exata,https://[LEGACY_DOMAIN_REMOVED]/bairros/jardim-wissinger-pinhais,301,"rota idêntica no domínio novo"
https://[LEGACY_DOMAIN_REMOVED]/bairros/joquei-clube-cm,exata,https://[LEGACY_DOMAIN_REMOVED]/bairros/joquei-clube-cm,301,"rota idêntica no domínio novo"
https://[LEGACY_DOMAIN_REMOVED]/bairros/juveve,exata,https://[LEGACY_DOMAIN_REMOVED]/bairros/juveve,301,"rota idêntica no domínio novo"
https://[LEGACY_DOMAIN_REMOVED]/bairros/lamenha-grande-cl,exata,https://[LEGACY_DOMAIN_REMOVED]/bairros/lamenha-grande-cl,301,"rota idêntica no domínio novo"
https://[LEGACY_DOMAIN_REMOVED]/bairros/maracana-colombo,exata,https://[LEGACY_DOMAIN_REMOVED]/bairros/maracana-colombo,301,"rota idêntica no domínio novo"
https://[LEGACY_DOMAIN_REMOVED]/bairros/maria-antonieta,exata,https://[LEGACY_DOMAIN_REMOVED]/bairros/maria-antonieta,301,"rota idêntica no domínio novo"
https://[LEGACY_DOMAIN_REMOVED]/bairros/merces,exata,https://[LEGACY_DOMAIN_REMOVED]/bairros/merces,301,"rota idêntica no domínio novo"
https://[LEGACY_DOMAIN_REMOVED]/bairros/monza-colombo,exata,https://[LEGACY_DOMAIN_REMOVED]/bairros/monza-colombo,301,"rota idêntica no domínio novo"
https://[LEGACY_DOMAIN_REMOVED]/bairros/nacoes-frg,exata,https://[LEGACY_DOMAIN_REMOVED]/bairros/nacoes-frg,301,"rota idêntica no domínio novo"
https://[LEGACY_DOMAIN_REMOVED]/bairros/novo-mundo,exata,https://[LEGACY_DOMAIN_REMOVED]/bairros/novo-mundo,301,"rota idêntica no domínio novo"
https://[LEGACY_DOMAIN_REMOVED]/bairros/osvaldo-cruz-colombo,exata,https://[LEGACY_DOMAIN_REMOVED]/bairros/osvaldo-cruz-colombo,301,"rota idêntica no domínio novo"
https://[LEGACY_DOMAIN_REMOVED]/bairros/ouro-fino,exata,https://[LEGACY_DOMAIN_REMOVED]/bairros/ouro-fino,301,"rota idêntica no domínio novo"
https://[LEGACY_DOMAIN_REMOVED]/bairros/ouro-fino-sjp,exata,https://[LEGACY_DOMAIN_REMOVED]/bairros/ouro-fino-sjp,301,"rota idêntica no domínio novo"
https://[LEGACY_DOMAIN_REMOVED]/bairros/palmital-campo-largo,exata,https://[LEGACY_DOMAIN_REMOVED]/bairros/palmital-campo-largo,301,"rota idêntica no domínio novo"
https://[LEGACY_DOMAIN_REMOVED]/bairros/palmital-colombo,exata,https://[LEGACY_DOMAIN_REMOVED]/bairros/palmital-colombo,301,"rota idêntica no domínio novo"
https://[LEGACY_DOMAIN_REMOVED]/bairros/palmital-pinhais,exata,https://[LEGACY_DOMAIN_REMOVED]/bairros/palmital-pinhais,301,"rota idêntica no domínio novo"
https://[LEGACY_DOMAIN_REMOVED]/bairros/parque-da-fonte,exata,https://[LEGACY_DOMAIN_REMOVED]/bairros/parque-da-fonte,301,"rota idêntica no domínio novo"
https://[LEGACY_DOMAIN_REMOVED]/bairros/parque-industrial-frg,exata,https://[LEGACY_DOMAIN_REMOVED]/bairros/parque-industrial-frg,301,"rota idêntica no domínio novo"
https://[LEGACY_DOMAIN_REMOVED]/bairros/parque-nascentes-pinhais,exata,https://[LEGACY_DOMAIN_REMOVED]/bairros/parque-nascentes-pinhais,301,"rota idêntica no domínio novo"
https://[LEGACY_DOMAIN_REMOVED]/bairros/passauna,exata,https://[LEGACY_DOMAIN_REMOVED]/bairros/passauna,301,"rota idêntica no domínio novo"
https://[LEGACY_DOMAIN_REMOVED]/bairros/pedro-moro-sjp,exata,https://[LEGACY_DOMAIN_REMOVED]/bairros/pedro-moro-sjp,301,"rota idêntica no domínio novo"
https://[LEGACY_DOMAIN_REMOVED]/bairros/pineville,exata,https://[LEGACY_DOMAIN_REMOVED]/bairros/pineville,301,"rota idêntica no domínio novo"
https://[LEGACY_DOMAIN_REMOVED]/bairros/pinheirinho,exata,https://[LEGACY_DOMAIN_REMOVED]/bairros/pinheirinho,301,"rota idêntica no domínio novo"
https://[LEGACY_DOMAIN_REMOVED]/bairros/pioneiros-frg,exata,https://[LEGACY_DOMAIN_REMOVED]/bairros/pioneiros-frg,301,"rota idêntica no domínio novo"
https://[LEGACY_DOMAIN_REMOVED]/bairros/planta-deodoro-piraquara,exata,https://[LEGACY_DOMAIN_REMOVED]/bairros/planta-deodoro-piraquara,301,"rota idêntica no domínio novo"
https://[LEGACY_DOMAIN_REMOVED]/bairros/planta-sao-tiago-araucaria,exata,https://[LEGACY_DOMAIN_REMOVED]/bairros/planta-sao-tiago-araucaria,301,"rota idêntica no domínio novo"
https://[LEGACY_DOMAIN_REMOVED]/bairros/portao,exata,https://[LEGACY_DOMAIN_REMOVED]/bairros/portao,301,"rota idêntica no domínio novo"
https://[LEGACY_DOMAIN_REMOVED]/bairros/porto-das-laranjeiras,exata,https://[LEGACY_DOMAIN_REMOVED]/bairros/porto-das-laranjeiras,301,"rota idêntica no domínio novo"
https://[LEGACY_DOMAIN_REMOVED]/bairros/prado-velho-piraquara,exata,https://[LEGACY_DOMAIN_REMOVED]/bairros/prado-velho-piraquara,301,"rota idêntica no domínio novo"
https://[LEGACY_DOMAIN_REMOVED]/bairros/quississana-sjp,exata,https://[LEGACY_DOMAIN_REMOVED]/bairros/quississana-sjp,301,"rota idêntica no domínio novo"
https://[LEGACY_DOMAIN_REMOVED]/bairros/reboucas,exata,https://[LEGACY_DOMAIN_REMOVED]/bairros/reboucas,301,"rota idêntica no domínio novo"
https://[LEGACY_DOMAIN_REMOVED]/bairros/rio-pequeno-sjp,exata,https://[LEGACY_DOMAIN_REMOVED]/bairros/rio-pequeno-sjp,301,"rota idêntica no domínio novo"
https://[LEGACY_DOMAIN_REMOVED]/bairros/rio-verde-cm,exata,https://[LEGACY_DOMAIN_REMOVED]/bairros/rio-verde-cm,301,"rota idêntica no domínio novo"
https://[LEGACY_DOMAIN_REMOVED]/bairros/roca-grande,exata,https://[LEGACY_DOMAIN_REMOVED]/bairros/roca-grande,301,"rota idêntica no domínio novo"
https://[LEGACY_DOMAIN_REMOVED]/bairros/rondinha,exata,https://[LEGACY_DOMAIN_REMOVED]/bairros/rondinha,301,"rota idêntica no domínio novo"
https://[LEGACY_DOMAIN_REMOVED]/bairros/sabia,exata,https://[LEGACY_DOMAIN_REMOVED]/bairros/sabia,301,"rota idêntica no domínio novo"
https://[LEGACY_DOMAIN_REMOVED]/bairros/santa-cruz-campo-largo,exata,https://[LEGACY_DOMAIN_REMOVED]/bairros/santa-cruz-campo-largo,301,"rota idêntica no domínio novo"
https://[LEGACY_DOMAIN_REMOVED]/bairros/santa-felicidade,exata,https://[LEGACY_DOMAIN_REMOVED]/bairros/santa-felicidade,301,"rota idêntica no domínio novo"
https://[LEGACY_DOMAIN_REMOVED]/bairros/santa-terezinha-colombo,exata,https://[LEGACY_DOMAIN_REMOVED]/bairros/santa-terezinha-colombo,301,"rota idêntica no domínio novo"
https://[LEGACY_DOMAIN_REMOVED]/bairros/santa-terezinha-frg,exata,https://[LEGACY_DOMAIN_REMOVED]/bairros/santa-terezinha-frg,301,"rota idêntica no domínio novo"
https://[LEGACY_DOMAIN_REMOVED]/bairros/sao-cristao-piraquara,exata,https://[LEGACY_DOMAIN_REMOVED]/bairros/sao-cristao-piraquara,301,"rota idêntica no domínio novo"
https://[LEGACY_DOMAIN_REMOVED]/bairros/sao-cristovao,exata,https://[LEGACY_DOMAIN_REMOVED]/bairros/sao-cristovao,301,"rota idêntica no domínio novo"
https://[LEGACY_DOMAIN_REMOVED]/bairros/sao-dimas-colombo,exata,https://[LEGACY_DOMAIN_REMOVED]/bairros/sao-dimas-colombo,301,"rota idêntica no domínio novo"
https://[LEGACY_DOMAIN_REMOVED]/bairros/sao-domingos,exata,https://[LEGACY_DOMAIN_REMOVED]/bairros/sao-domingos,301,"rota idêntica no domínio novo"
https://[LEGACY_DOMAIN_REMOVED]/bairros/sao-francisco,exata,https://[LEGACY_DOMAIN_REMOVED]/bairros/sao-francisco,301,"rota idêntica no domínio novo"
https://[LEGACY_DOMAIN_REMOVED]/bairros/sao-gabriel-colombo,exata,https://[LEGACY_DOMAIN_REMOVED]/bairros/sao-gabriel-colombo,301,"rota idêntica no domínio novo"
https://[LEGACY_DOMAIN_REMOVED]/bairros/sao-jose-campo-largo,exata,https://[LEGACY_DOMAIN_REMOVED]/bairros/sao-jose-campo-largo,301,"rota idêntica no domínio novo"
https://[LEGACY_DOMAIN_REMOVED]/bairros/sao-jose-dos-pinhais,exata,https://[LEGACY_DOMAIN_REMOVED]/bairros/sao-jose-dos-pinhais,301,"rota idêntica no domínio novo"
https://[LEGACY_DOMAIN_REMOVED]/bairros/sao-lourenco-frg,exata,https://[LEGACY_DOMAIN_REMOVED]/bairros/sao-lourenco-frg,301,"rota idêntica no domínio novo"
https://[LEGACY_DOMAIN_REMOVED]/bairros/sao-lourenco-qb,exata,https://[LEGACY_DOMAIN_REMOVED]/bairros/sao-lourenco-qb,301,"rota idêntica no domínio novo"
https://[LEGACY_DOMAIN_REMOVED]/bairros/sao-marcos,exata,https://[LEGACY_DOMAIN_REMOVED]/bairros/sao-marcos,301,"rota idêntica no domínio novo"
https://[LEGACY_DOMAIN_REMOVED]/bairros/sao-marcos-campo-largo,exata,https://[LEGACY_DOMAIN_REMOVED]/bairros/sao-marcos-campo-largo,301,"rota idêntica no domínio novo"
https://[LEGACY_DOMAIN_REMOVED]/bairros/sao-miguel-araucaria,exata,https://[LEGACY_DOMAIN_REMOVED]/bairros/sao-miguel-araucaria,301,"rota idêntica no domínio novo"
https://[LEGACY_DOMAIN_REMOVED]/bairros/sao-sebastiao-cm,exata,https://[LEGACY_DOMAIN_REMOVED]/bairros/sao-sebastiao-cm,301,"rota idêntica no domínio novo"
https://[LEGACY_DOMAIN_REMOVED]/bairros/sao-silvestre,exata,https://[LEGACY_DOMAIN_REMOVED]/bairros/sao-silvestre,301,"rota idêntica no domínio novo"
https://[LEGACY_DOMAIN_REMOVED]/bairros/sao-venancio,exata,https://[LEGACY_DOMAIN_REMOVED]/bairros/sao-venancio,301,"rota idêntica no domínio novo"
https://[LEGACY_DOMAIN_REMOVED]/bairros/sede-campo-magro,exata,https://[LEGACY_DOMAIN_REMOVED]/bairros/sede-campo-magro,301,"rota idêntica no domínio novo"
https://[LEGACY_DOMAIN_REMOVED]/bairros/seminario,exata,https://[LEGACY_DOMAIN_REMOVED]/bairros/seminario,301,"rota idêntica no domínio novo"
https://[LEGACY_DOMAIN_REMOVED]/bairros/sete-vilas,exata,https://[LEGACY_DOMAIN_REMOVED]/bairros/sete-vilas,301,"rota idêntica no domínio novo"
https://[LEGACY_DOMAIN_REMOVED]/bairros/sitio-cercado,exata,https://[LEGACY_DOMAIN_REMOVED]/bairros/sitio-cercado,301,"rota idêntica no domínio novo"
https://[LEGACY_DOMAIN_REMOVED]/bairros/tangua-at,exata,https://[LEGACY_DOMAIN_REMOVED]/bairros/tangua-at,301,"rota idêntica no domínio novo"
https://[LEGACY_DOMAIN_REMOVED]/bairros/taruma,exata,https://[LEGACY_DOMAIN_REMOVED]/bairros/taruma,301,"rota idêntica no domínio novo"
https://[LEGACY_DOMAIN_REMOVED]/bairros/taxiqueira-colombo,exata,https://[LEGACY_DOMAIN_REMOVED]/bairros/taxiqueira-colombo,301,"rota idêntica no domínio novo"
https://[LEGACY_DOMAIN_REMOVED]/bairros/thomaz-coelho,exata,https://[LEGACY_DOMAIN_REMOVED]/bairros/thomaz-coelho,301,"rota idêntica no domínio novo"
https://[LEGACY_DOMAIN_REMOVED]/bairros/thomaz-coelho-ii,exata,https://[LEGACY_DOMAIN_REMOVED]/bairros/thomaz-coelho-ii,301,"rota idêntica no domínio novo"
https://[LEGACY_DOMAIN_REMOVED]/bairros/timbotuva-cl,exata,https://[LEGACY_DOMAIN_REMOVED]/bairros/timbotuva-cl,301,"rota idêntica no domínio novo"
https://[LEGACY_DOMAIN_REMOVED]/bairros/tindiquera,exata,https://[LEGACY_DOMAIN_REMOVED]/bairros/tindiquera,301,"rota idêntica no domínio novo"
https://[LEGACY_DOMAIN_REMOVED]/bairros/tingui,exata,https://[LEGACY_DOMAIN_REMOVED]/bairros/tingui,301,"rota idêntica no domínio novo"
https://[LEGACY_DOMAIN_REMOVED]/bairros/tranqueira-at,exata,https://[LEGACY_DOMAIN_REMOVED]/bairros/tranqueira-at,301,"rota idêntica no domínio novo"
https://[LEGACY_DOMAIN_REMOVED]/bairros/tres-corregos,exata,https://[LEGACY_DOMAIN_REMOVED]/bairros/tres-corregos,301,"rota idêntica no domínio novo"
https://[LEGACY_DOMAIN_REMOVED]/bairros/uberaba,exata,https://[LEGACY_DOMAIN_REMOVED]/bairros/uberaba,301,"rota idêntica no domínio novo"
https://[LEGACY_DOMAIN_REMOVED]/bairros/vale-das-aguas,exata,https://[LEGACY_DOMAIN_REMOVED]/bairros/vale-das-aguas,301,"rota idêntica no domínio novo"
https://[LEGACY_DOMAIN_REMOVED]/bairros/vargem-grande,exata,https://[LEGACY_DOMAIN_REMOVED]/bairros/vargem-grande,301,"rota idêntica no domínio novo"
https://[LEGACY_DOMAIN_REMOVED]/bairros/vila-amelia-pinhais,exata,https://[LEGACY_DOMAIN_REMOVED]/bairros/vila-amelia-pinhais,301,"rota idêntica no domínio novo"
https://[LEGACY_DOMAIN_REMOVED]/bairros/vila-candida-cl,exata,https://[LEGACY_DOMAIN_REMOVED]/bairros/vila-candida-cl,301,"rota idêntica no domínio novo"
https://[LEGACY_DOMAIN_REMOVED]/bairros/vila-izabel,exata,https://[LEGACY_DOMAIN_REMOVED]/bairros/vila-izabel,301,"rota idêntica no domínio novo"
https://[LEGACY_DOMAIN_REMOVED]/bairros/vila-macedo-piraquara,exata,https://[LEGACY_DOMAIN_REMOVED]/bairros/vila-macedo-piraquara,301,"rota idêntica no domínio novo"
https://[LEGACY_DOMAIN_REMOVED]/bairros/vila-maria-antonieta-pinhais,exata,https://[LEGACY_DOMAIN_REMOVED]/bairros/vila-maria-antonieta-pinhais,301,"rota idêntica no domínio novo"
https://[LEGACY_DOMAIN_REMOVED]/bairros/vila-maria-qb,exata,https://[LEGACY_DOMAIN_REMOVED]/bairros/vila-maria-qb,301,"rota idêntica no domínio novo"
https://[LEGACY_DOMAIN_REMOVED]/bairros/vila-nova-araucaria,exata,https://[LEGACY_DOMAIN_REMOVED]/bairros/vila-nova-araucaria,301,"rota idêntica no domínio novo"
https://[LEGACY_DOMAIN_REMOVED]/bairros/vila-sao-jose-qb,exata,https://[LEGACY_DOMAIN_REMOVED]/bairros/vila-sao-jose-qb,301,"rota idêntica no domínio novo"
https://[LEGACY_DOMAIN_REMOVED]/bairros/vila-solene,exata,https://[LEGACY_DOMAIN_REMOVED]/bairros/vila-solene,301,"rota idêntica no domínio novo"
https://[LEGACY_DOMAIN_REMOVED]/bairros/vila-taruma,exata,https://[LEGACY_DOMAIN_REMOVED]/bairros/vila-taruma,301,"rota idêntica no domínio novo"
https://[LEGACY_DOMAIN_REMOVED]/bairros/weissopolis,exata,https://[LEGACY_DOMAIN_REMOVED]/bairros/weissopolis,301,"rota idêntica no domínio novo"
https://[LEGACY_DOMAIN_REMOVED]/bairros/xaxim,exata,https://[LEGACY_DOMAIN_REMOVED]/bairros/xaxim,301,"rota idêntica no domínio novo"
https://[LEGACY_DOMAIN_REMOVED]/blog,exata,https://[LEGACY_DOMAIN_REMOVED]/blog,301,"rota idêntica no domínio novo"
https://[LEGACY_DOMAIN_REMOVED]/blog/como-escolher-tecnico-informatica-confiavel-curitiba,exata,https://[LEGACY_DOMAIN_REMOVED]/blog/como-escolher-tecnico-informatica-confiavel-curitiba,301,"rota idêntica no domínio novo"
https://[LEGACY_DOMAIN_REMOVED]/blog/meu-computador-precisa-de-formatacao,exata,https://[LEGACY_DOMAIN_REMOVED]/blog/meu-computador-precisa-de-formatacao,301,"rota idêntica no domínio novo"
https://[LEGACY_DOMAIN_REMOVED]/blog/quanto-custa-formatar-computador-curitiba,exata,https://[LEGACY_DOMAIN_REMOVED]/blog/quanto-custa-formatar-computador-curitiba,301,"rota idêntica no domínio novo"
https://[LEGACY_DOMAIN_REMOVED]/blog/suporte-tecnico-remoto-como-funciona,exata,https://[LEGACY_DOMAIN_REMOVED]/blog/suporte-tecnico-remoto-como-funciona,301,"rota idêntica no domínio novo"
https://[LEGACY_DOMAIN_REMOVED]/blog/upgrade-ram-quando-vale-a-pena,exata,https://[LEGACY_DOMAIN_REMOVED]/blog/upgrade-ram-quando-vale-a-pena,301,"rota idêntica no domínio novo"
https://[LEGACY_DOMAIN_REMOVED]/cftv,exata,https://[LEGACY_DOMAIN_REMOVED]/cftv,301,"fora do foco (CFTV) mas rota equivalente existe — sem troca de intenção"
https://[LEGACY_DOMAIN_REMOVED]/cftv/araucaria,exata,https://[LEGACY_DOMAIN_REMOVED]/cftv/araucaria,301,"fora do foco (CFTV) mas rota equivalente existe — sem troca de intenção"
https://[LEGACY_DOMAIN_REMOVED]/cftv/campo-largo,exata,https://[LEGACY_DOMAIN_REMOVED]/cftv/campo-largo,301,"fora do foco (CFTV) mas rota equivalente existe — sem troca de intenção"
https://[LEGACY_DOMAIN_REMOVED]/cftv/curitiba,exata,https://[LEGACY_DOMAIN_REMOVED]/cftv/curitiba,301,"fora do foco (CFTV) mas rota equivalente existe — sem troca de intenção"
https://[LEGACY_DOMAIN_REMOVED]/cftv/guaratuba,exata,https://[LEGACY_DOMAIN_REMOVED]/cftv/guaratuba,301,"fora do foco (CFTV) mas rota equivalente existe — sem troca de intenção"
https://[LEGACY_DOMAIN_REMOVED]/cftv/litoral,exata,https://[LEGACY_DOMAIN_REMOVED]/cftv/litoral,301,"fora do foco (CFTV) mas rota equivalente existe — sem troca de intenção"
https://[LEGACY_DOMAIN_REMOVED]/cftv/pinhais,exata,https://[LEGACY_DOMAIN_REMOVED]/cftv/pinhais,301,"fora do foco (CFTV) mas rota equivalente existe — sem troca de intenção"
https://[LEGACY_DOMAIN_REMOVED]/cftv/sao-jose-dos-pinhais,exata,https://[LEGACY_DOMAIN_REMOVED]/cftv/sao-jose-dos-pinhais,301,"fora do foco (CFTV) mas rota equivalente existe — sem troca de intenção"
https://[LEGACY_DOMAIN_REMOVED]/coleta-e-entrega,exata,https://[LEGACY_DOMAIN_REMOVED]/coleta-e-entrega,301,"rota idêntica no domínio novo"
https://[LEGACY_DOMAIN_REMOVED]/coleta-formulario,exata,https://[LEGACY_DOMAIN_REMOVED]/coleta-formulario,301,"rota idêntica no domínio novo"
https://[LEGACY_DOMAIN_REMOVED]/como-funciona,exata,https://[LEGACY_DOMAIN_REMOVED]/como-funciona,301,"rota idêntica no domínio novo"
https://[LEGACY_DOMAIN_REMOVED]/conserto-celular-curitiba,exata,https://[LEGACY_DOMAIN_REMOVED]/conserto-celular-curitiba,301,"fora do foco (Celular) mas rota equivalente existe — sem troca de intenção"
https://[LEGACY_DOMAIN_REMOVED]/conserto-impressora-curitiba,exata,https://[LEGACY_DOMAIN_REMOVED]/conserto-impressora-curitiba,301,"fora do foco (Impressora) mas rota equivalente existe — sem troca de intenção"
https://[LEGACY_DOMAIN_REMOVED]/conserto-som-curitiba,exata,https://[LEGACY_DOMAIN_REMOVED]/conserto-som-curitiba,301,"fora do foco (Som) mas rota equivalente existe — sem troca de intenção"
https://[LEGACY_DOMAIN_REMOVED]/conserto-tv-curitiba,exata,https://[LEGACY_DOMAIN_REMOVED]/conserto-tv-curitiba,301,"fora do foco (TV) mas rota equivalente existe — sem troca de intenção"
https://[LEGACY_DOMAIN_REMOVED]/conserto-videogame-curitiba,exata,https://[LEGACY_DOMAIN_REMOVED]/conserto-videogame-curitiba,301,"fora do foco (Videogame) mas rota equivalente existe — sem troca de intenção"
https://[LEGACY_DOMAIN_REMOVED]/contato,exata,https://[LEGACY_DOMAIN_REMOVED]/contato,301,"rota idêntica no domínio novo"
https://[LEGACY_DOMAIN_REMOVED]/diagnostico-60s,exata,https://[LEGACY_DOMAIN_REMOVED]/diagnostico-60s,301,"rota idêntica no domínio novo"
https://[LEGACY_DOMAIN_REMOVED]/diagnostico-tecnico,exata,https://[LEGACY_DOMAIN_REMOVED]/diagnostico-tecnico,301,"rota idêntica no domínio novo"
https://[LEGACY_DOMAIN_REMOVED]/equipamentos-atendidos,exata,https://[LEGACY_DOMAIN_REMOVED]/equipamentos-atendidos,301,"rota idêntica no domínio novo"
https://[LEGACY_DOMAIN_REMOVED]/faq,exata,https://[LEGACY_DOMAIN_REMOVED]/faq,301,"rota idêntica no domínio novo"
https://[LEGACY_DOMAIN_REMOVED]/funil-indisponivel,exata,https://[LEGACY_DOMAIN_REMOVED]/funil-indisponivel,301,"rota idêntica no domínio novo"
https://[LEGACY_DOMAIN_REMOVED]/gestor-responsavel,exata,https://[LEGACY_DOMAIN_REMOVED]/gestor-responsavel,301,"rota idêntica no domínio novo"
https://[LEGACY_DOMAIN_REMOVED]/manutencao-notebook-pc-curitiba,equivalente,https://[LEGACY_DOMAIN_REMOVED]/servicos/manutencao-de-notebook,301,"mesma intenção: manutenção de notebook/PC em Curitiba"
https://[LEGACY_DOMAIN_REMOVED]/marcas,exata,https://[LEGACY_DOMAIN_REMOVED]/marcas,301,"fora do foco (Marcas (multi-categoria)) mas rota equivalente existe — sem troca de intenção"
https://[LEGACY_DOMAIN_REMOVED]/marcas/acer,exata,https://[LEGACY_DOMAIN_REMOVED]/marcas/acer,301,"fora do foco (Marcas (multi-categoria)) mas rota equivalente existe — sem troca de intenção"
https://[LEGACY_DOMAIN_REMOVED]/marcas/amd,exata,https://[LEGACY_DOMAIN_REMOVED]/marcas/amd,301,"fora do foco (Marcas (multi-categoria)) mas rota equivalente existe — sem troca de intenção"
https://[LEGACY_DOMAIN_REMOVED]/marcas/apple,exata,https://[LEGACY_DOMAIN_REMOVED]/marcas/apple,301,"fora do foco (Marcas (multi-categoria)) mas rota equivalente existe — sem troca de intenção"
https://[LEGACY_DOMAIN_REMOVED]/marcas/asus,exata,https://[LEGACY_DOMAIN_REMOVED]/marcas/asus,301,"fora do foco (Marcas (multi-categoria)) mas rota equivalente existe — sem troca de intenção"
https://[LEGACY_DOMAIN_REMOVED]/marcas/corsair,exata,https://[LEGACY_DOMAIN_REMOVED]/marcas/corsair,301,"fora do foco (Marcas (multi-categoria)) mas rota equivalente existe — sem troca de intenção"
https://[LEGACY_DOMAIN_REMOVED]/marcas/dell,exata,https://[LEGACY_DOMAIN_REMOVED]/marcas/dell,301,"fora do foco (Marcas (multi-categoria)) mas rota equivalente existe — sem troca de intenção"
https://[LEGACY_DOMAIN_REMOVED]/marcas/gigabyte,exata,https://[LEGACY_DOMAIN_REMOVED]/marcas/gigabyte,301,"fora do foco (Marcas (multi-categoria)) mas rota equivalente existe — sem troca de intenção"
https://[LEGACY_DOMAIN_REMOVED]/marcas/hp,exata,https://[LEGACY_DOMAIN_REMOVED]/marcas/hp,301,"fora do foco (Marcas (multi-categoria)) mas rota equivalente existe — sem troca de intenção"
https://[LEGACY_DOMAIN_REMOVED]/marcas/intel,exata,https://[LEGACY_DOMAIN_REMOVED]/marcas/intel,301,"fora do foco (Marcas (multi-categoria)) mas rota equivalente existe — sem troca de intenção"
https://[LEGACY_DOMAIN_REMOVED]/marcas/intelbras,exata,https://[LEGACY_DOMAIN_REMOVED]/marcas/intelbras,301,"fora do foco (Marcas (multi-categoria)) mas rota equivalente existe — sem troca de intenção"
https://[LEGACY_DOMAIN_REMOVED]/marcas/kingston,exata,https://[LEGACY_DOMAIN_REMOVED]/marcas/kingston,301,"fora do foco (Marcas (multi-categoria)) mas rota equivalente existe — sem troca de intenção"
https://[LEGACY_DOMAIN_REMOVED]/marcas/lenovo,exata,https://[LEGACY_DOMAIN_REMOVED]/marcas/lenovo,301,"fora do foco (Marcas (multi-categoria)) mas rota equivalente existe — sem troca de intenção"
https://[LEGACY_DOMAIN_REMOVED]/marcas/lg,exata,https://[LEGACY_DOMAIN_REMOVED]/marcas/lg,301,"fora do foco (Marcas (multi-categoria)) mas rota equivalente existe — sem troca de intenção"
https://[LEGACY_DOMAIN_REMOVED]/marcas/logitech,exata,https://[LEGACY_DOMAIN_REMOVED]/marcas/logitech,301,"fora do foco (Marcas (multi-categoria)) mas rota equivalente existe — sem troca de intenção"
https://[LEGACY_DOMAIN_REMOVED]/marcas/microsoft,exata,https://[LEGACY_DOMAIN_REMOVED]/marcas/microsoft,301,"fora do foco (Marcas (multi-categoria)) mas rota equivalente existe — sem troca de intenção"
https://[LEGACY_DOMAIN_REMOVED]/marcas/motorola,exata,https://[LEGACY_DOMAIN_REMOVED]/marcas/motorola,301,"fora do foco (Marcas (multi-categoria)) mas rota equivalente existe — sem troca de intenção"
https://[LEGACY_DOMAIN_REMOVED]/marcas/msi,exata,https://[LEGACY_DOMAIN_REMOVED]/marcas/msi,301,"fora do foco (Marcas (multi-categoria)) mas rota equivalente existe — sem troca de intenção"
https://[LEGACY_DOMAIN_REMOVED]/marcas/nvidia,exata,https://[LEGACY_DOMAIN_REMOVED]/marcas/nvidia,301,"fora do foco (Marcas (multi-categoria)) mas rota equivalente existe — sem troca de intenção"
https://[LEGACY_DOMAIN_REMOVED]/marcas/positivo,exata,https://[LEGACY_DOMAIN_REMOVED]/marcas/positivo,301,"fora do foco (Marcas (multi-categoria)) mas rota equivalente existe — sem troca de intenção"
https://[LEGACY_DOMAIN_REMOVED]/marcas/razer,exata,https://[LEGACY_DOMAIN_REMOVED]/marcas/razer,301,"fora do foco (Marcas (multi-categoria)) mas rota equivalente existe — sem troca de intenção"
https://[LEGACY_DOMAIN_REMOVED]/marcas/samsung,exata,https://[LEGACY_DOMAIN_REMOVED]/marcas/samsung,301,"fora do foco (Marcas (multi-categoria)) mas rota equivalente existe — sem troca de intenção"
https://[LEGACY_DOMAIN_REMOVED]/marcas/seagate,exata,https://[LEGACY_DOMAIN_REMOVED]/marcas/seagate,301,"fora do foco (Marcas (multi-categoria)) mas rota equivalente existe — sem troca de intenção"
https://[LEGACY_DOMAIN_REMOVED]/marcas/sony,exata,https://[LEGACY_DOMAIN_REMOVED]/marcas/sony,301,"fora do foco (Marcas (multi-categoria)) mas rota equivalente existe — sem troca de intenção"
https://[LEGACY_DOMAIN_REMOVED]/marcas/tp-link,exata,https://[LEGACY_DOMAIN_REMOVED]/marcas/tp-link,301,"fora do foco (Marcas (multi-categoria)) mas rota equivalente existe — sem troca de intenção"
https://[LEGACY_DOMAIN_REMOVED]/marcas/western-digital,exata,https://[LEGACY_DOMAIN_REMOVED]/marcas/western-digital,301,"fora do foco (Marcas (multi-categoria)) mas rota equivalente existe — sem troca de intenção"
https://[LEGACY_DOMAIN_REMOVED]/marcas/xiaomi,exata,https://[LEGACY_DOMAIN_REMOVED]/marcas/xiaomi,301,"fora do foco (Marcas (multi-categoria)) mas rota equivalente existe — sem troca de intenção"
https://[LEGACY_DOMAIN_REMOVED]/obrigado,exata,https://[LEGACY_DOMAIN_REMOVED]/obrigado,301,"rota idêntica no domínio novo"
https://[LEGACY_DOMAIN_REMOVED]/politica-de-privacidade,exata,https://[LEGACY_DOMAIN_REMOVED]/politica-de-privacidade,301,"rota idêntica no domínio novo"
https://[LEGACY_DOMAIN_REMOVED]/precos-e-politicas,exata,https://[LEGACY_DOMAIN_REMOVED]/precos-e-politicas,301,"rota idêntica no domínio novo"
https://[LEGACY_DOMAIN_REMOVED]/problemas-reais-e-casos,exata,https://[LEGACY_DOMAIN_REMOVED]/problemas-reais-e-casos,301,"rota idêntica no domínio novo"
https://[LEGACY_DOMAIN_REMOVED]/problemas/alto-falante-queimado-curitiba,exata,https://[LEGACY_DOMAIN_REMOVED]/problemas/alto-falante-queimado-curitiba,301,"rota idêntica no domínio novo"
https://[LEGACY_DOMAIN_REMOVED]/problemas/amplificador-nao-liga-curitiba,exata,https://[LEGACY_DOMAIN_REMOVED]/problemas/amplificador-nao-liga-curitiba,301,"rota idêntica no domínio novo"
https://[LEGACY_DOMAIN_REMOVED]/problemas/assistencia-tecnica-urgente-curitiba,exata,https://[LEGACY_DOMAIN_REMOVED]/problemas/assistencia-tecnica-urgente-curitiba,301,"rota idêntica no domínio novo"
https://[LEGACY_DOMAIN_REMOVED]/problemas/backup-perdido-curitiba,exata,https://[LEGACY_DOMAIN_REMOVED]/problemas/backup-perdido-curitiba,301,"rota idêntica no domínio novo"
https://[LEGACY_DOMAIN_REMOVED]/problemas/cabo-rede-nao-funciona-curitiba,exata,https://[LEGACY_DOMAIN_REMOVED]/problemas/cabo-rede-nao-funciona-curitiba,301,"rota idêntica no domínio novo"
https://[LEGACY_DOMAIN_REMOVED]/problemas/caixa-som-nao-carrega-curitiba,exata,https://[LEGACY_DOMAIN_REMOVED]/problemas/caixa-som-nao-carrega-curitiba,301,"rota idêntica no domínio novo"
https://[LEGACY_DOMAIN_REMOVED]/problemas/caixa-som-sem-audio-curitiba,exata,https://[LEGACY_DOMAIN_REMOVED]/problemas/caixa-som-sem-audio-curitiba,301,"rota idêntica no domínio novo"
https://[LEGACY_DOMAIN_REMOVED]/problemas/caixa-som-sem-bluetooth-curitiba,exata,https://[LEGACY_DOMAIN_REMOVED]/problemas/caixa-som-sem-bluetooth-curitiba,301,"rota idêntica no domínio novo"
https://[LEGACY_DOMAIN_REMOVED]/problemas/camera-seguranca-nao-funciona-curitiba,exata,https://[LEGACY_DOMAIN_REMOVED]/problemas/camera-seguranca-nao-funciona-curitiba,301,"rota idêntica no domínio novo"
https://[LEGACY_DOMAIN_REMOVED]/problemas/celular-bateria-inchada-curitiba,exata,https://[LEGACY_DOMAIN_REMOVED]/problemas/celular-bateria-inchada-curitiba,301,"rota idêntica no domínio novo"
https://[LEGACY_DOMAIN_REMOVED]/problemas/celular-camera-nao-funciona-curitiba,exata,https://[LEGACY_DOMAIN_REMOVED]/problemas/celular-camera-nao-funciona-curitiba,301,"rota idêntica no domínio novo"
https://[LEGACY_DOMAIN_REMOVED]/problemas/celular-com-virus-curitiba,exata,https://[LEGACY_DOMAIN_REMOVED]/problemas/celular-com-virus-curitiba,301,"rota idêntica no domínio novo"
https://[LEGACY_DOMAIN_REMOVED]/problemas/celular-lento-curitiba,exata,https://[LEGACY_DOMAIN_REMOVED]/problemas/celular-lento-curitiba,301,"rota idêntica no domínio novo"
https://[LEGACY_DOMAIN_REMOVED]/problemas/celular-listras-na-tela-curitiba,exata,https://[LEGACY_DOMAIN_REMOVED]/problemas/celular-listras-na-tela-curitiba,301,"rota idêntica no domínio novo"
https://[LEGACY_DOMAIN_REMOVED]/problemas/celular-molhou-curitiba,exata,https://[LEGACY_DOMAIN_REMOVED]/problemas/celular-molhou-curitiba,301,"rota idêntica no domínio novo"
https://[LEGACY_DOMAIN_REMOVED]/problemas/celular-nao-carrega-curitiba,exata,https://[LEGACY_DOMAIN_REMOVED]/problemas/celular-nao-carrega-curitiba,301,"rota idêntica no domínio novo"
https://[LEGACY_DOMAIN_REMOVED]/problemas/celular-nao-liga-curitiba,exata,https://[LEGACY_DOMAIN_REMOVED]/problemas/celular-nao-liga-curitiba,301,"rota idêntica no domínio novo"
https://[LEGACY_DOMAIN_REMOVED]/problemas/celular-sem-sinal-curitiba,exata,https://[LEGACY_DOMAIN_REMOVED]/problemas/celular-sem-sinal-curitiba,301,"rota idêntica no domínio novo"
https://[LEGACY_DOMAIN_REMOVED]/problemas/celular-tela-quebrada-curitiba,exata,https://[LEGACY_DOMAIN_REMOVED]/problemas/celular-tela-quebrada-curitiba,301,"rota idêntica no domínio novo"
https://[LEGACY_DOMAIN_REMOVED]/problemas/celular-touch-nao-funciona-curitiba,exata,https://[LEGACY_DOMAIN_REMOVED]/problemas/celular-touch-nao-funciona-curitiba,301,"rota idêntica no domínio novo"
https://[LEGACY_DOMAIN_REMOVED]/problemas/computador-com-cheiro-de-queimado-curitiba,exata,https://[LEGACY_DOMAIN_REMOVED]/problemas/computador-com-cheiro-de-queimado-curitiba,301,"rota idêntica no domínio novo"
https://[LEGACY_DOMAIN_REMOVED]/problemas/computador-com-som-estranho-curitiba,exata,https://[LEGACY_DOMAIN_REMOVED]/problemas/computador-com-som-estranho-curitiba,301,"rota idêntica no domínio novo"
https://[LEGACY_DOMAIN_REMOVED]/problemas/computador-com-tela-preta-curitiba,exata,https://[LEGACY_DOMAIN_REMOVED]/problemas/computador-com-tela-preta-curitiba,301,"rota idêntica no domínio novo"
https://[LEGACY_DOMAIN_REMOVED]/problemas/computador-com-virus-curitiba,exata,https://[LEGACY_DOMAIN_REMOVED]/problemas/computador-com-virus-curitiba,301,"rota idêntica no domínio novo"
https://[LEGACY_DOMAIN_REMOVED]/problemas/computador-desligando-apos-segundos-curitiba,exata,https://[LEGACY_DOMAIN_REMOVED]/problemas/computador-desligando-apos-segundos-curitiba,301,"rota idêntica no domínio novo"
https://[LEGACY_DOMAIN_REMOVED]/problemas/computador-lento-curitiba,exata,https://[LEGACY_DOMAIN_REMOVED]/problemas/computador-lento-curitiba,301,"rota idêntica no domínio novo"
https://[LEGACY_DOMAIN_REMOVED]/problemas/computador-liga-e-desliga-curitiba,exata,https://[LEGACY_DOMAIN_REMOVED]/problemas/computador-liga-e-desliga-curitiba,301,"rota idêntica no domínio novo"
https://[LEGACY_DOMAIN_REMOVED]/problemas/computador-muito-barulhento-curitiba,exata,https://[LEGACY_DOMAIN_REMOVED]/problemas/computador-muito-barulhento-curitiba,301,"rota idêntica no domínio novo"
https://[LEGACY_DOMAIN_REMOVED]/problemas/computador-nao-conecta-bluetooth-curitiba,exata,https://[LEGACY_DOMAIN_REMOVED]/problemas/computador-nao-conecta-bluetooth-curitiba,301,"rota idêntica no domínio novo"
https://[LEGACY_DOMAIN_REMOVED]/problemas/computador-nao-desliga-curitiba,exata,https://[LEGACY_DOMAIN_REMOVED]/problemas/computador-nao-desliga-curitiba,301,"rota idêntica no domínio novo"
https://[LEGACY_DOMAIN_REMOVED]/problemas/computador-nao-liga-curitiba,exata,https://[LEGACY_DOMAIN_REMOVED]/problemas/computador-nao-liga-curitiba,301,"rota idêntica no domínio novo"
https://[LEGACY_DOMAIN_REMOVED]/problemas/computador-nao-reconhece-usb-curitiba,exata,https://[LEGACY_DOMAIN_REMOVED]/problemas/computador-nao-reconhece-usb-curitiba,301,"rota idêntica no domínio novo"
https://[LEGACY_DOMAIN_REMOVED]/problemas/computador-reiniciando-sozinho-curitiba,exata,https://[LEGACY_DOMAIN_REMOVED]/problemas/computador-reiniciando-sozinho-curitiba,301,"rota idêntica no domínio novo"
https://[LEGACY_DOMAIN_REMOVED]/problemas/computador-sem-video-curitiba,exata,https://[LEGACY_DOMAIN_REMOVED]/problemas/computador-sem-video-curitiba,301,"rota idêntica no domínio novo"
https://[LEGACY_DOMAIN_REMOVED]/problemas/computador-sem-wifi-curitiba,exata,https://[LEGACY_DOMAIN_REMOVED]/problemas/computador-sem-wifi-curitiba,301,"rota idêntica no domínio novo"
https://[LEGACY_DOMAIN_REMOVED]/problemas/computador-travando-curitiba,exata,https://[LEGACY_DOMAIN_REMOVED]/problemas/computador-travando-curitiba,301,"rota idêntica no domínio novo"
https://[LEGACY_DOMAIN_REMOVED]/problemas/conserto-computador-domicilio-curitiba,exata,https://[LEGACY_DOMAIN_REMOVED]/problemas/conserto-computador-domicilio-curitiba,301,"rota idêntica no domínio novo"
https://[LEGACY_DOMAIN_REMOVED]/problemas/curto-em-placa-eletronica,exata,https://[LEGACY_DOMAIN_REMOVED]/problemas/curto-em-placa-eletronica,301,"rota idêntica no domínio novo"
https://[LEGACY_DOMAIN_REMOVED]/problemas/custo-reparo-vs-novo,exata,https://[LEGACY_DOMAIN_REMOVED]/problemas/custo-reparo-vs-novo,301,"rota idêntica no domínio novo"
https://[LEGACY_DOMAIN_REMOVED]/problemas/erro-0x0000007b-curitiba,exata,https://[LEGACY_DOMAIN_REMOVED]/problemas/erro-0x0000007b-curitiba,301,"rota idêntica no domínio novo"
https://[LEGACY_DOMAIN_REMOVED]/problemas/erro-0x80004005-curitiba,exata,https://[LEGACY_DOMAIN_REMOVED]/problemas/erro-0x80004005-curitiba,301,"rota idêntica no domínio novo"
https://[LEGACY_DOMAIN_REMOVED]/problemas/erro-0x80070005-curitiba,exata,https://[LEGACY_DOMAIN_REMOVED]/problemas/erro-0x80070005-curitiba,301,"rota idêntica no domínio novo"
https://[LEGACY_DOMAIN_REMOVED]/problemas/erro-0x80070057-curitiba,exata,https://[LEGACY_DOMAIN_REMOVED]/problemas/erro-0x80070057-curitiba,301,"rota idêntica no domínio novo"
https://[LEGACY_DOMAIN_REMOVED]/problemas/erro-0x800f081f-curitiba,exata,https://[LEGACY_DOMAIN_REMOVED]/problemas/erro-0x800f081f-curitiba,301,"rota idêntica no domínio novo"
https://[LEGACY_DOMAIN_REMOVED]/problemas/erro-0x80240034-curitiba,exata,https://[LEGACY_DOMAIN_REMOVED]/problemas/erro-0x80240034-curitiba,301,"rota idêntica no domínio novo"
https://[LEGACY_DOMAIN_REMOVED]/problemas/erro-0xc00000e-curitiba,exata,https://[LEGACY_DOMAIN_REMOVED]/problemas/erro-0xc00000e-curitiba,301,"rota idêntica no domínio novo"
https://[LEGACY_DOMAIN_REMOVED]/problemas/erro-0xc000021a-curitiba,exata,https://[LEGACY_DOMAIN_REMOVED]/problemas/erro-0xc000021a-curitiba,301,"rota idêntica no domínio novo"
https://[LEGACY_DOMAIN_REMOVED]/problemas/erro-ao-instalar-memoria-ram,exata,https://[LEGACY_DOMAIN_REMOVED]/problemas/erro-ao-instalar-memoria-ram,301,"rota idêntica no domínio novo"
https://[LEGACY_DOMAIN_REMOVED]/problemas/erro-ao-instalar-windows-curitiba,exata,https://[LEGACY_DOMAIN_REMOVED]/problemas/erro-ao-instalar-windows-curitiba,301,"rota idêntica no domínio novo"
https://[LEGACY_DOMAIN_REMOVED]/problemas/erro-apos-formatacao,exata,https://[LEGACY_DOMAIN_REMOVED]/problemas/erro-apos-formatacao,301,"rota idêntica no domínio novo"
https://[LEGACY_DOMAIN_REMOVED]/problemas/erro-atualizacao-windows-11-curitiba,exata,https://[LEGACY_DOMAIN_REMOVED]/problemas/erro-atualizacao-windows-11-curitiba,301,"rota idêntica no domínio novo"
https://[LEGACY_DOMAIN_REMOVED]/problemas/erro-bios-curitiba,exata,https://[LEGACY_DOMAIN_REMOVED]/problemas/erro-bios-curitiba,301,"rota idêntica no domínio novo"
https://[LEGACY_DOMAIN_REMOVED]/problemas/erro-disco-100-porcento-curitiba,exata,https://[LEGACY_DOMAIN_REMOVED]/problemas/erro-disco-100-porcento-curitiba,301,"rota idêntica no domínio novo"
https://[LEGACY_DOMAIN_REMOVED]/problemas/erro-disco-cheio-curitiba,exata,https://[LEGACY_DOMAIN_REMOVED]/problemas/erro-disco-cheio-curitiba,301,"rota idêntica no domínio novo"
https://[LEGACY_DOMAIN_REMOVED]/problemas/erro-driver-windows-curitiba,exata,https://[LEGACY_DOMAIN_REMOVED]/problemas/erro-driver-windows-curitiba,301,"rota idêntica no domínio novo"
https://[LEGACY_DOMAIN_REMOVED]/problemas/erro-particao-windows-curitiba,exata,https://[LEGACY_DOMAIN_REMOVED]/problemas/erro-particao-windows-curitiba,301,"rota idêntica no domínio novo"
https://[LEGACY_DOMAIN_REMOVED]/problemas/erro-registro-windows-curitiba,exata,https://[LEGACY_DOMAIN_REMOVED]/problemas/erro-registro-windows-curitiba,301,"rota idêntica no domínio novo"
https://[LEGACY_DOMAIN_REMOVED]/problemas/erro-windows-update-curitiba,exata,https://[LEGACY_DOMAIN_REMOVED]/problemas/erro-windows-update-curitiba,301,"rota idêntica no domínio novo"
https://[LEGACY_DOMAIN_REMOVED]/problemas/erros-comuns-em-upgrade,exata,https://[LEGACY_DOMAIN_REMOVED]/problemas/erros-comuns-em-upgrade,301,"rota idêntica no domínio novo"
https://[LEGACY_DOMAIN_REMOVED]/problemas/fonte-queimada-curitiba,exata,https://[LEGACY_DOMAIN_REMOVED]/problemas/fonte-queimada-curitiba,301,"rota idêntica no domínio novo"
https://[LEGACY_DOMAIN_REMOVED]/problemas/formatacao-resolve-curitiba,exata,https://[LEGACY_DOMAIN_REMOVED]/problemas/formatacao-resolve-curitiba,301,"rota idêntica no domínio novo"
https://[LEGACY_DOMAIN_REMOVED]/problemas/gpu-desgastada,exata,https://[LEGACY_DOMAIN_REMOVED]/problemas/gpu-desgastada,301,"rota idêntica no domínio novo"
https://[LEGACY_DOMAIN_REMOVED]/problemas/hd-externo-nao-reconhece-curitiba,exata,https://[LEGACY_DOMAIN_REMOVED]/problemas/hd-externo-nao-reconhece-curitiba,301,"rota idêntica no domínio novo"
https://[LEGACY_DOMAIN_REMOVED]/problemas/hd-fazendo-barulho-curitiba,exata,https://[LEGACY_DOMAIN_REMOVED]/problemas/hd-fazendo-barulho-curitiba,301,"rota idêntica no domínio novo"
https://[LEGACY_DOMAIN_REMOVED]/problemas/impressora-cartucho-nao-reconhece-curitiba,exata,https://[LEGACY_DOMAIN_REMOVED]/problemas/impressora-cartucho-nao-reconhece-curitiba,301,"rota idêntica no domínio novo"
https://[LEGACY_DOMAIN_REMOVED]/problemas/impressora-erro-conexao-usb-wifi-curitiba,exata,https://[LEGACY_DOMAIN_REMOVED]/problemas/impressora-erro-conexao-usb-wifi-curitiba,301,"rota idêntica no domínio novo"
https://[LEGACY_DOMAIN_REMOVED]/problemas/impressora-nao-imprime-curitiba,exata,https://[LEGACY_DOMAIN_REMOVED]/problemas/impressora-nao-imprime-curitiba,301,"rota idêntica no domínio novo"
https://[LEGACY_DOMAIN_REMOVED]/problemas/impressora-papel-preso-curitiba,exata,https://[LEGACY_DOMAIN_REMOVED]/problemas/impressora-papel-preso-curitiba,301,"rota idêntica no domínio novo"
https://[LEGACY_DOMAIN_REMOVED]/problemas/impressora-tinta-nao-sai-curitiba,exata,https://[LEGACY_DOMAIN_REMOVED]/problemas/impressora-tinta-nao-sai-curitiba,301,"rota idêntica no domínio novo"
https://[LEGACY_DOMAIN_REMOVED]/problemas/internet-lenta-curitiba,exata,https://[LEGACY_DOMAIN_REMOVED]/problemas/internet-lenta-curitiba,301,"rota idêntica no domínio novo"
https://[LEGACY_DOMAIN_REMOVED]/problemas/listras-tela-celular-apos-atualizacao-curitiba,exata,https://[LEGACY_DOMAIN_REMOVED]/problemas/listras-tela-celular-apos-atualizacao-curitiba,301,"rota idêntica no domínio novo"
https://[LEGACY_DOMAIN_REMOVED]/problemas/manutencao-notebook-curitiba-rapido,exata,https://[LEGACY_DOMAIN_REMOVED]/problemas/manutencao-notebook-curitiba-rapido,301,"rota idêntica no domínio novo"
https://[LEGACY_DOMAIN_REMOVED]/problemas/memoria-ram-com-defeito-curitiba,exata,https://[LEGACY_DOMAIN_REMOVED]/problemas/memoria-ram-com-defeito-curitiba,301,"rota idêntica no domínio novo"
https://[LEGACY_DOMAIN_REMOVED]/problemas/microsoldagem-celular-curitiba,exata,https://[LEGACY_DOMAIN_REMOVED]/problemas/microsoldagem-celular-curitiba,301,"rota idêntica no domínio novo"
https://[LEGACY_DOMAIN_REMOVED]/problemas/monitor-piscando-curitiba,exata,https://[LEGACY_DOMAIN_REMOVED]/problemas/monitor-piscando-curitiba,301,"rota idêntica no domínio novo"
https://[LEGACY_DOMAIN_REMOVED]/problemas/monitor-sem-sinal-curitiba,exata,https://[LEGACY_DOMAIN_REMOVED]/problemas/monitor-sem-sinal-curitiba,301,"rota idêntica no domínio novo"
https://[LEGACY_DOMAIN_REMOVED]/problemas/mouse-nao-funciona-curitiba,exata,https://[LEGACY_DOMAIN_REMOVED]/problemas/mouse-nao-funciona-curitiba,301,"rota idêntica no domínio novo"
https://[LEGACY_DOMAIN_REMOVED]/problemas/notebook-apos-upgrade-nao-liga-curitiba,exata,https://[LEGACY_DOMAIN_REMOVED]/problemas/notebook-apos-upgrade-nao-liga-curitiba,301,"rota idêntica no domínio novo"
https://[LEGACY_DOMAIN_REMOVED]/problemas/notebook-bateria-nao-carrega-curitiba,exata,https://[LEGACY_DOMAIN_REMOVED]/problemas/notebook-bateria-nao-carrega-curitiba,301,"rota idêntica no domínio novo"
https://[LEGACY_DOMAIN_REMOVED]/problemas/notebook-com-agua-ou-liquido-curitiba,exata,https://[LEGACY_DOMAIN_REMOVED]/problemas/notebook-com-agua-ou-liquido-curitiba,301,"rota idêntica no domínio novo"
https://[LEGACY_DOMAIN_REMOVED]/problemas/notebook-com-tela-piscando-curitiba,exata,https://[LEGACY_DOMAIN_REMOVED]/problemas/notebook-com-tela-piscando-curitiba,301,"rota idêntica no domínio novo"
https://[LEGACY_DOMAIN_REMOVED]/problemas/notebook-com-tela-quebrada-curitiba,exata,https://[LEGACY_DOMAIN_REMOVED]/problemas/notebook-com-tela-quebrada-curitiba,301,"rota idêntica no domínio novo"
https://[LEGACY_DOMAIN_REMOVED]/problemas/notebook-desliga-sozinho-curitiba,exata,https://[LEGACY_DOMAIN_REMOVED]/problemas/notebook-desliga-sozinho-curitiba,301,"rota idêntica no domínio novo"
https://[LEGACY_DOMAIN_REMOVED]/problemas/notebook-desligando-sozinho-curitiba,exata,https://[LEGACY_DOMAIN_REMOVED]/problemas/notebook-desligando-sozinho-curitiba,301,"rota idêntica no domínio novo"
https://[LEGACY_DOMAIN_REMOVED]/problemas/notebook-esquentando-curitiba,exata,https://[LEGACY_DOMAIN_REMOVED]/problemas/notebook-esquentando-curitiba,301,"rota idêntica no domínio novo"
https://[LEGACY_DOMAIN_REMOVED]/problemas/notebook-esquentando-desligando-curitiba,exata,https://[LEGACY_DOMAIN_REMOVED]/problemas/notebook-esquentando-desligando-curitiba,301,"rota idêntica no domínio novo"
https://[LEGACY_DOMAIN_REMOVED]/problemas/notebook-esquentando-muito-curitiba,exata,https://[LEGACY_DOMAIN_REMOVED]/problemas/notebook-esquentando-muito-curitiba,301,"rota idêntica no domínio novo"
https://[LEGACY_DOMAIN_REMOVED]/problemas/notebook-lento-curitiba,exata,https://[LEGACY_DOMAIN_REMOVED]/problemas/notebook-lento-curitiba,301,"rota idêntica no domínio novo"
https://[LEGACY_DOMAIN_REMOVED]/problemas/notebook-nao-carrega-bateria-curitiba,exata,https://[LEGACY_DOMAIN_REMOVED]/problemas/notebook-nao-carrega-bateria-curitiba,301,"rota idêntica no domínio novo"
https://[LEGACY_DOMAIN_REMOVED]/problemas/notebook-nao-carrega-curitiba,exata,https://[LEGACY_DOMAIN_REMOVED]/problemas/notebook-nao-carrega-curitiba,301,"rota idêntica no domínio novo"
https://[LEGACY_DOMAIN_REMOVED]/problemas/notebook-nao-conecta-bluetooth-curitiba,exata,https://[LEGACY_DOMAIN_REMOVED]/problemas/notebook-nao-conecta-bluetooth-curitiba,301,"rota idêntica no domínio novo"
https://[LEGACY_DOMAIN_REMOVED]/problemas/notebook-nao-liga-curitiba,exata,https://[LEGACY_DOMAIN_REMOVED]/problemas/notebook-nao-liga-curitiba,301,"rota idêntica no domínio novo"
https://[LEGACY_DOMAIN_REMOVED]/problemas/notebook-sem-audio-curitiba,exata,https://[LEGACY_DOMAIN_REMOVED]/problemas/notebook-sem-audio-curitiba,301,"rota idêntica no domínio novo"
https://[LEGACY_DOMAIN_REMOVED]/problemas/notebook-sem-imagem-curitiba,exata,https://[LEGACY_DOMAIN_REMOVED]/problemas/notebook-sem-imagem-curitiba,301,"rota idêntica no domínio novo"
https://[LEGACY_DOMAIN_REMOVED]/problemas/notebook-sem-som-curitiba,exata,https://[LEGACY_DOMAIN_REMOVED]/problemas/notebook-sem-som-curitiba,301,"rota idêntica no domínio novo"
https://[LEGACY_DOMAIN_REMOVED]/problemas/notebook-sem-webcam-curitiba,exata,https://[LEGACY_DOMAIN_REMOVED]/problemas/notebook-sem-webcam-curitiba,301,"rota idêntica no domínio novo"
https://[LEGACY_DOMAIN_REMOVED]/problemas/notebook-sem-wifi-curitiba,exata,https://[LEGACY_DOMAIN_REMOVED]/problemas/notebook-sem-wifi-curitiba,301,"rota idêntica no domínio novo"
https://[LEGACY_DOMAIN_REMOVED]/problemas/notebook-superaquecendo-curitiba,exata,https://[LEGACY_DOMAIN_REMOVED]/problemas/notebook-superaquecendo-curitiba,301,"rota idêntica no domínio novo"
https://[LEGACY_DOMAIN_REMOVED]/problemas/notebook-teclado-nao-funciona-curitiba,exata,https://[LEGACY_DOMAIN_REMOVED]/problemas/notebook-teclado-nao-funciona-curitiba,301,"rota idêntica no domínio novo"
https://[LEGACY_DOMAIN_REMOVED]/problemas/notebook-tela-amarelada-curitiba,exata,https://[LEGACY_DOMAIN_REMOVED]/problemas/notebook-tela-amarelada-curitiba,301,"rota idêntica no domínio novo"
https://[LEGACY_DOMAIN_REMOVED]/problemas/notebook-tela-escura-curitiba,exata,https://[LEGACY_DOMAIN_REMOVED]/problemas/notebook-tela-escura-curitiba,301,"rota idêntica no domínio novo"
https://[LEGACY_DOMAIN_REMOVED]/problemas/notebook-tela-preta-curitiba,exata,https://[LEGACY_DOMAIN_REMOVED]/problemas/notebook-tela-preta-curitiba,301,"rota idêntica no domínio novo"
https://[LEGACY_DOMAIN_REMOVED]/problemas/notebook-touchpad-nao-funciona-curitiba,exata,https://[LEGACY_DOMAIN_REMOVED]/problemas/notebook-touchpad-nao-funciona-curitiba,301,"rota idêntica no domínio novo"
https://[LEGACY_DOMAIN_REMOVED]/problemas/o-que-causa-curto-em-placa,exata,https://[LEGACY_DOMAIN_REMOVED]/problemas/o-que-causa-curto-em-placa,301,"rota idêntica no domínio novo"
https://[LEGACY_DOMAIN_REMOVED]/problemas/o-que-fazer-computador-nao-liga,exata,https://[LEGACY_DOMAIN_REMOVED]/problemas/o-que-fazer-computador-nao-liga,301,"rota idêntica no domínio novo"
https://[LEGACY_DOMAIN_REMOVED]/problemas/o-que-fazer-notebook-lento,exata,https://[LEGACY_DOMAIN_REMOVED]/problemas/o-que-fazer-notebook-lento,301,"rota idêntica no domínio novo"
https://[LEGACY_DOMAIN_REMOVED]/problemas/pc-com-barulho-estranho-curitiba,exata,https://[LEGACY_DOMAIN_REMOVED]/problemas/pc-com-barulho-estranho-curitiba,301,"rota idêntica no domínio novo"
https://[LEGACY_DOMAIN_REMOVED]/problemas/pc-com-pop-ups-e-propagandas-curitiba,exata,https://[LEGACY_DOMAIN_REMOVED]/problemas/pc-com-pop-ups-e-propagandas-curitiba,301,"rota idêntica no domínio novo"
https://[LEGACY_DOMAIN_REMOVED]/problemas/pc-com-programas-pesados,exata,https://[LEGACY_DOMAIN_REMOVED]/problemas/pc-com-programas-pesados,301,"rota idêntica no domínio novo"
https://[LEGACY_DOMAIN_REMOVED]/problemas/pc-com-tela-congelada-curitiba,exata,https://[LEGACY_DOMAIN_REMOVED]/problemas/pc-com-tela-congelada-curitiba,301,"rota idêntica no domínio novo"
https://[LEGACY_DOMAIN_REMOVED]/problemas/pc-com-tela-preta-curitiba,exata,https://[LEGACY_DOMAIN_REMOVED]/problemas/pc-com-tela-preta-curitiba,301,"rota idêntica no domínio novo"
https://[LEGACY_DOMAIN_REMOVED]/problemas/pc-com-virus-ransomware-curitiba,exata,https://[LEGACY_DOMAIN_REMOVED]/problemas/pc-com-virus-ransomware-curitiba,301,"rota idêntica no domínio novo"
https://[LEGACY_DOMAIN_REMOVED]/problemas/pc-desligando-sozinho-curitiba,exata,https://[LEGACY_DOMAIN_REMOVED]/problemas/pc-desligando-sozinho-curitiba,301,"rota idêntica no domínio novo"
https://[LEGACY_DOMAIN_REMOVED]/problemas/pc-fazendo-barulho-estranho-curitiba,exata,https://[LEGACY_DOMAIN_REMOVED]/problemas/pc-fazendo-barulho-estranho-curitiba,301,"rota idêntica no domínio novo"
https://[LEGACY_DOMAIN_REMOVED]/problemas/pc-nao-conecta-bluetooth-curitiba,exata,https://[LEGACY_DOMAIN_REMOVED]/problemas/pc-nao-conecta-bluetooth-curitiba,301,"rota idêntica no domínio novo"
https://[LEGACY_DOMAIN_REMOVED]/problemas/pc-nao-conecta-internet-curitiba,exata,https://[LEGACY_DOMAIN_REMOVED]/problemas/pc-nao-conecta-internet-curitiba,301,"rota idêntica no domínio novo"
https://[LEGACY_DOMAIN_REMOVED]/problemas/pc-nao-conecta-wifi-curitiba,exata,https://[LEGACY_DOMAIN_REMOVED]/problemas/pc-nao-conecta-wifi-curitiba,301,"rota idêntica no domínio novo"
https://[LEGACY_DOMAIN_REMOVED]/problemas/pc-nao-entra-modo-seguro-curitiba,exata,https://[LEGACY_DOMAIN_REMOVED]/problemas/pc-nao-entra-modo-seguro-curitiba,301,"rota idêntica no domínio novo"
https://[LEGACY_DOMAIN_REMOVED]/problemas/pc-nao-reconhece-hd-curitiba,exata,https://[LEGACY_DOMAIN_REMOVED]/problemas/pc-nao-reconhece-hd-curitiba,301,"rota idêntica no domínio novo"
https://[LEGACY_DOMAIN_REMOVED]/problemas/pc-nao-reconhece-segundo-monitor-curitiba,exata,https://[LEGACY_DOMAIN_REMOVED]/problemas/pc-nao-reconhece-segundo-monitor-curitiba,301,"rota idêntica no domínio novo"
https://[LEGACY_DOMAIN_REMOVED]/problemas/pc-nao-reconhece-usb-curitiba,exata,https://[LEGACY_DOMAIN_REMOVED]/problemas/pc-nao-reconhece-usb-curitiba,301,"rota idêntica no domínio novo"
https://[LEGACY_DOMAIN_REMOVED]/problemas/pc-reiniciando-sozinho-curitiba,exata,https://[LEGACY_DOMAIN_REMOVED]/problemas/pc-reiniciando-sozinho-curitiba,301,"rota idêntica no domínio novo"
https://[LEGACY_DOMAIN_REMOVED]/problemas/pc-sem-audio-curitiba,exata,https://[LEGACY_DOMAIN_REMOVED]/problemas/pc-sem-audio-curitiba,301,"rota idêntica no domínio novo"
https://[LEGACY_DOMAIN_REMOVED]/problemas/pc-sem-imagem-curitiba,exata,https://[LEGACY_DOMAIN_REMOVED]/problemas/pc-sem-imagem-curitiba,301,"rota idêntica no domínio novo"
https://[LEGACY_DOMAIN_REMOVED]/problemas/pc-sem-som-hdmi-curitiba,exata,https://[LEGACY_DOMAIN_REMOVED]/problemas/pc-sem-som-hdmi-curitiba,301,"rota idêntica no domínio novo"
https://[LEGACY_DOMAIN_REMOVED]/problemas/pc-superaquecendo-curitiba,exata,https://[LEGACY_DOMAIN_REMOVED]/problemas/pc-superaquecendo-curitiba,301,"rota idêntica no domínio novo"
https://[LEGACY_DOMAIN_REMOVED]/problemas/pc-trava-ao-jogar-curitiba,exata,https://[LEGACY_DOMAIN_REMOVED]/problemas/pc-trava-ao-jogar-curitiba,301,"rota idêntica no domínio novo"
https://[LEGACY_DOMAIN_REMOVED]/problemas/pc-travando-em-jogos-curitiba,exata,https://[LEGACY_DOMAIN_REMOVED]/problemas/pc-travando-em-jogos-curitiba,301,"rota idêntica no domínio novo"
https://[LEGACY_DOMAIN_REMOVED]/problemas/pc-travando-jogos-curitiba,exata,https://[LEGACY_DOMAIN_REMOVED]/problemas/pc-travando-jogos-curitiba,301,"rota idêntica no domínio novo"
https://[LEGACY_DOMAIN_REMOVED]/problemas/pen-drive-nao-reconhece-curitiba,exata,https://[LEGACY_DOMAIN_REMOVED]/problemas/pen-drive-nao-reconhece-curitiba,301,"rota idêntica no domínio novo"
https://[LEGACY_DOMAIN_REMOVED]/problemas/placa-de-video-nao-funciona-curitiba,exata,https://[LEGACY_DOMAIN_REMOVED]/problemas/placa-de-video-nao-funciona-curitiba,301,"rota idêntica no domínio novo"
https://[LEGACY_DOMAIN_REMOVED]/problemas/placa-mae-com-defeito-curitiba,exata,https://[LEGACY_DOMAIN_REMOVED]/problemas/placa-mae-com-defeito-curitiba,301,"rota idêntica no domínio novo"
https://[LEGACY_DOMAIN_REMOVED]/problemas/placa-mae-queimada,exata,https://[LEGACY_DOMAIN_REMOVED]/problemas/placa-mae-queimada,301,"rota idêntica no domínio novo"
https://[LEGACY_DOMAIN_REMOVED]/problemas/por-que-conserto-placa-mae-custa-caro-curitiba,exata,https://[LEGACY_DOMAIN_REMOVED]/problemas/por-que-conserto-placa-mae-custa-caro-curitiba,301,"rota idêntica no domínio novo"
https://[LEGACY_DOMAIN_REMOVED]/problemas/por-que-display-e-caro-curitiba,exata,https://[LEGACY_DOMAIN_REMOVED]/problemas/por-que-display-e-caro-curitiba,301,"rota idêntica no domínio novo"
https://[LEGACY_DOMAIN_REMOVED]/problemas/quando-nao-compensa-reparo,exata,https://[LEGACY_DOMAIN_REMOVED]/problemas/quando-nao-compensa-reparo,301,"rota idêntica no domínio novo"
https://[LEGACY_DOMAIN_REMOVED]/problemas/quando-trocar-computador,exata,https://[LEGACY_DOMAIN_REMOVED]/problemas/quando-trocar-computador,301,"rota idêntica no domínio novo"
https://[LEGACY_DOMAIN_REMOVED]/problemas/quanto-custa-trocar-tela-celular-curitiba,exata,https://[LEGACY_DOMAIN_REMOVED]/problemas/quanto-custa-trocar-tela-celular-curitiba,301,"rota idêntica no domínio novo"
https://[LEGACY_DOMAIN_REMOVED]/problemas/quanto-custa-trocar-tela-tv-curitiba,exata,https://[LEGACY_DOMAIN_REMOVED]/problemas/quanto-custa-trocar-tela-tv-curitiba,301,"rota idêntica no domínio novo"
https://[LEGACY_DOMAIN_REMOVED]/problemas/radio-nao-liga-curitiba,exata,https://[LEGACY_DOMAIN_REMOVED]/problemas/radio-nao-liga-curitiba,301,"rota idêntica no domínio novo"
https://[LEGACY_DOMAIN_REMOVED]/problemas/reballing-bga-curitiba,exata,https://[LEGACY_DOMAIN_REMOVED]/problemas/reballing-bga-curitiba,301,"rota idêntica no domínio novo"
https://[LEGACY_DOMAIN_REMOVED]/problemas/recapacitacao-placa-eletronica-curitiba,exata,https://[LEGACY_DOMAIN_REMOVED]/problemas/recapacitacao-placa-eletronica-curitiba,301,"rota idêntica no domínio novo"
https://[LEGACY_DOMAIN_REMOVED]/problemas/receiver-sem-som-curitiba,exata,https://[LEGACY_DOMAIN_REMOVED]/problemas/receiver-sem-som-curitiba,301,"rota idêntica no domínio novo"
https://[LEGACY_DOMAIN_REMOVED]/problemas/reflow-bga-curitiba,exata,https://[LEGACY_DOMAIN_REMOVED]/problemas/reflow-bga-curitiba,301,"rota idêntica no domínio novo"
https://[LEGACY_DOMAIN_REMOVED]/problemas/reparo-placa-mae-celular-curitiba,exata,https://[LEGACY_DOMAIN_REMOVED]/problemas/reparo-placa-mae-celular-curitiba,301,"rota idêntica no domínio novo"
https://[LEGACY_DOMAIN_REMOVED]/problemas/reparo-placa-mae-notebook-curitiba,exata,https://[LEGACY_DOMAIN_REMOVED]/problemas/reparo-placa-mae-notebook-curitiba,301,"rota idêntica no domínio novo"
https://[LEGACY_DOMAIN_REMOVED]/problemas/reparo-placa-principal-tv-curitiba,exata,https://[LEGACY_DOMAIN_REMOVED]/problemas/reparo-placa-principal-tv-curitiba,301,"rota idêntica no domínio novo"
https://[LEGACY_DOMAIN_REMOVED]/problemas/reparo-placa-som-amplificador-curitiba,exata,https://[LEGACY_DOMAIN_REMOVED]/problemas/reparo-placa-som-amplificador-curitiba,301,"rota idêntica no domínio novo"
https://[LEGACY_DOMAIN_REMOVED]/problemas/riscos-de-tentar-consertar,exata,https://[LEGACY_DOMAIN_REMOVED]/problemas/riscos-de-tentar-consertar,301,"rota idêntica no domínio novo"
https://[LEGACY_DOMAIN_REMOVED]/problemas/smart-tv-lenta-curitiba,exata,https://[LEGACY_DOMAIN_REMOVED]/problemas/smart-tv-lenta-curitiba,301,"rota idêntica no domínio novo"
https://[LEGACY_DOMAIN_REMOVED]/problemas/som-automotivo-nao-funciona-curitiba,exata,https://[LEGACY_DOMAIN_REMOVED]/problemas/som-automotivo-nao-funciona-curitiba,301,"rota idêntica no domínio novo"
https://[LEGACY_DOMAIN_REMOVED]/problemas/som-chiando-curitiba,exata,https://[LEGACY_DOMAIN_REMOVED]/problemas/som-chiando-curitiba,301,"rota idêntica no domínio novo"
https://[LEGACY_DOMAIN_REMOVED]/problemas/som-nao-funciona-curitiba,exata,https://[LEGACY_DOMAIN_REMOVED]/problemas/som-nao-funciona-curitiba,301,"rota idêntica no domínio novo"
https://[LEGACY_DOMAIN_REMOVED]/problemas/ssd-nao-reconhece-curitiba,exata,https://[LEGACY_DOMAIN_REMOVED]/problemas/ssd-nao-reconhece-curitiba,301,"rota idêntica no domínio novo"
https://[LEGACY_DOMAIN_REMOVED]/problemas/teclado-mouse-nao-funciona-curitiba,exata,https://[LEGACY_DOMAIN_REMOVED]/problemas/teclado-mouse-nao-funciona-curitiba,301,"rota idêntica no domínio novo"
https://[LEGACY_DOMAIN_REMOVED]/problemas/teclado-nao-funciona-curitiba,exata,https://[LEGACY_DOMAIN_REMOVED]/problemas/teclado-nao-funciona-curitiba,301,"rota idêntica no domínio novo"
https://[LEGACY_DOMAIN_REMOVED]/problemas/tecnico-computador-perto-de-mim,exata,https://[LEGACY_DOMAIN_REMOVED]/problemas/tecnico-computador-perto-de-mim,301,"rota idêntica no domínio novo"
https://[LEGACY_DOMAIN_REMOVED]/problemas/tecnico-informatica-emergencia-curitiba,exata,https://[LEGACY_DOMAIN_REMOVED]/problemas/tecnico-informatica-emergencia-curitiba,301,"rota idêntica no domínio novo"
https://[LEGACY_DOMAIN_REMOVED]/problemas/tela-azul-windows-curitiba,exata,https://[LEGACY_DOMAIN_REMOVED]/problemas/tela-azul-windows-curitiba,301,"rota idêntica no domínio novo"
https://[LEGACY_DOMAIN_REMOVED]/problemas/troca-chip-bga-curitiba,exata,https://[LEGACY_DOMAIN_REMOVED]/problemas/troca-chip-bga-curitiba,301,"rota idêntica no domínio novo"
https://[LEGACY_DOMAIN_REMOVED]/problemas/tv-cheiro-queimado-curitiba,exata,https://[LEGACY_DOMAIN_REMOVED]/problemas/tv-cheiro-queimado-curitiba,301,"rota idêntica no domínio novo"
https://[LEGACY_DOMAIN_REMOVED]/problemas/tv-com-linhas-na-tela-curitiba,exata,https://[LEGACY_DOMAIN_REMOVED]/problemas/tv-com-linhas-na-tela-curitiba,301,"rota idêntica no domínio novo"
https://[LEGACY_DOMAIN_REMOVED]/problemas/tv-com-som-sem-imagem-curitiba,exata,https://[LEGACY_DOMAIN_REMOVED]/problemas/tv-com-som-sem-imagem-curitiba,301,"rota idêntica no domínio novo"
https://[LEGACY_DOMAIN_REMOVED]/problemas/tv-com-tela-escura-curitiba,exata,https://[LEGACY_DOMAIN_REMOVED]/problemas/tv-com-tela-escura-curitiba,301,"rota idêntica no domínio novo"
https://[LEGACY_DOMAIN_REMOVED]/problemas/tv-controle-nao-funciona-curitiba,exata,https://[LEGACY_DOMAIN_REMOVED]/problemas/tv-controle-nao-funciona-curitiba,301,"rota idêntica no domínio novo"
https://[LEGACY_DOMAIN_REMOVED]/problemas/tv-demora-ligar-curitiba,exata,https://[LEGACY_DOMAIN_REMOVED]/problemas/tv-demora-ligar-curitiba,301,"rota idêntica no domínio novo"
https://[LEGACY_DOMAIN_REMOVED]/problemas/tv-desliga-sozinha-curitiba,exata,https://[LEGACY_DOMAIN_REMOVED]/problemas/tv-desliga-sozinha-curitiba,301,"rota idêntica no domínio novo"
https://[LEGACY_DOMAIN_REMOVED]/problemas/tv-desligando-sozinha-curitiba,exata,https://[LEGACY_DOMAIN_REMOVED]/problemas/tv-desligando-sozinha-curitiba,301,"rota idêntica no domínio novo"
https://[LEGACY_DOMAIN_REMOVED]/problemas/tv-imagem-fantasma-curitiba,exata,https://[LEGACY_DOMAIN_REMOVED]/problemas/tv-imagem-fantasma-curitiba,301,"rota idêntica no domínio novo"
https://[LEGACY_DOMAIN_REMOVED]/problemas/tv-listras-horizontais-verticais-conserto-curitiba,exata,https://[LEGACY_DOMAIN_REMOVED]/problemas/tv-listras-horizontais-verticais-conserto-curitiba,301,"rota idêntica no domínio novo"
https://[LEGACY_DOMAIN_REMOVED]/problemas/tv-listras-na-tela-curitiba,exata,https://[LEGACY_DOMAIN_REMOVED]/problemas/tv-listras-na-tela-curitiba,301,"rota idêntica no domínio novo"
https://[LEGACY_DOMAIN_REMOVED]/problemas/tv-manchas-na-tela-curitiba,exata,https://[LEGACY_DOMAIN_REMOVED]/problemas/tv-manchas-na-tela-curitiba,301,"rota idêntica no domínio novo"
https://[LEGACY_DOMAIN_REMOVED]/problemas/tv-nao-conecta-wifi-bluetooth-curitiba,exata,https://[LEGACY_DOMAIN_REMOVED]/problemas/tv-nao-conecta-wifi-bluetooth-curitiba,301,"rota idêntica no domínio novo"
https://[LEGACY_DOMAIN_REMOVED]/problemas/tv-nao-liga-curitiba,exata,https://[LEGACY_DOMAIN_REMOVED]/problemas/tv-nao-liga-curitiba,301,"rota idêntica no domínio novo"
https://[LEGACY_DOMAIN_REMOVED]/problemas/tv-pixel-morto-curitiba,exata,https://[LEGACY_DOMAIN_REMOVED]/problemas/tv-pixel-morto-curitiba,301,"rota idêntica no domínio novo"
https://[LEGACY_DOMAIN_REMOVED]/problemas/tv-sem-cores-curitiba,exata,https://[LEGACY_DOMAIN_REMOVED]/problemas/tv-sem-cores-curitiba,301,"rota idêntica no domínio novo"
https://[LEGACY_DOMAIN_REMOVED]/problemas/tv-sem-hdmi-curitiba,exata,https://[LEGACY_DOMAIN_REMOVED]/problemas/tv-sem-hdmi-curitiba,301,"rota idêntica no domínio novo"
https://[LEGACY_DOMAIN_REMOVED]/problemas/tv-sem-imagem-curitiba,exata,https://[LEGACY_DOMAIN_REMOVED]/problemas/tv-sem-imagem-curitiba,301,"rota idêntica no domínio novo"
https://[LEGACY_DOMAIN_REMOVED]/problemas/tv-sem-som-curitiba,exata,https://[LEGACY_DOMAIN_REMOVED]/problemas/tv-sem-som-curitiba,301,"rota idêntica no domínio novo"
https://[LEGACY_DOMAIN_REMOVED]/problemas/tv-sem-wifi-curitiba,exata,https://[LEGACY_DOMAIN_REMOVED]/problemas/tv-sem-wifi-curitiba,301,"rota idêntica no domínio novo"
https://[LEGACY_DOMAIN_REMOVED]/problemas/tv-som-sem-video-curitiba,exata,https://[LEGACY_DOMAIN_REMOVED]/problemas/tv-som-sem-video-curitiba,301,"rota idêntica no domínio novo"
https://[LEGACY_DOMAIN_REMOVED]/problemas/tv-tela-quebrada-curitiba,exata,https://[LEGACY_DOMAIN_REMOVED]/problemas/tv-tela-quebrada-curitiba,301,"rota idêntica no domínio novo"
https://[LEGACY_DOMAIN_REMOVED]/problemas/tv-travando-lenta-curitiba,exata,https://[LEGACY_DOMAIN_REMOVED]/problemas/tv-travando-lenta-curitiba,301,"rota idêntica no domínio novo"
https://[LEGACY_DOMAIN_REMOVED]/problemas/upgrade-deu-problema,exata,https://[LEGACY_DOMAIN_REMOVED]/problemas/upgrade-deu-problema,301,"rota idêntica no domínio novo"
https://[LEGACY_DOMAIN_REMOVED]/problemas/vale-a-pena-consertar-computador,exata,https://[LEGACY_DOMAIN_REMOVED]/problemas/vale-a-pena-consertar-computador,301,"rota idêntica no domínio novo"
https://[LEGACY_DOMAIN_REMOVED]/problemas/vale-a-pena-consertar-notebook,exata,https://[LEGACY_DOMAIN_REMOVED]/problemas/vale-a-pena-consertar-notebook,301,"rota idêntica no domínio novo"
https://[LEGACY_DOMAIN_REMOVED]/problemas/wifi-caindo-curitiba,exata,https://[LEGACY_DOMAIN_REMOVED]/problemas/wifi-caindo-curitiba,301,"rota idêntica no domínio novo"
https://[LEGACY_DOMAIN_REMOVED]/problemas/windows-lento-curitiba,exata,https://[LEGACY_DOMAIN_REMOVED]/problemas/windows-lento-curitiba,301,"rota idêntica no domínio novo"
https://[LEGACY_DOMAIN_REMOVED]/problemas/windows-travando-na-atualizacao-curitiba,exata,https://[LEGACY_DOMAIN_REMOVED]/problemas/windows-travando-na-atualizacao-curitiba,301,"rota idêntica no domínio novo"
https://[LEGACY_DOMAIN_REMOVED]/procedimentos-placa,exata,https://[LEGACY_DOMAIN_REMOVED]/procedimentos-placa,301,"rota idêntica no domínio novo"
https://[LEGACY_DOMAIN_REMOVED]/quando-nao-compensa,exata,https://[LEGACY_DOMAIN_REMOVED]/quando-nao-compensa,301,"rota idêntica no domínio novo"
https://[LEGACY_DOMAIN_REMOVED]/seja-parceiro,exata,https://[LEGACY_DOMAIN_REMOVED]/seja-parceiro,301,"rota idêntica no domínio novo"
https://[LEGACY_DOMAIN_REMOVED]/servicos,exata,https://[LEGACY_DOMAIN_REMOVED]/servicos,301,"rota idêntica no domínio novo"
https://[LEGACY_DOMAIN_REMOVED]/servicos/backup-recuperacao,consolidada,https://[LEGACY_DOMAIN_REMOVED]/servicos/recuperacao-de-dados,301,"slug canônico novo"
https://[LEGACY_DOMAIN_REMOVED]/servicos/backup-recuperacao/centro,exata,https://[LEGACY_DOMAIN_REMOVED]/servicos/backup-recuperacao/centro,301,"rota idêntica no domínio novo"
https://[LEGACY_DOMAIN_REMOVED]/servicos/computador-lento,exata,https://[LEGACY_DOMAIN_REMOVED]/servicos/computador-lento,301,"rota idêntica no domínio novo"
https://[LEGACY_DOMAIN_REMOVED]/servicos/computador-nao-liga,exata,https://[LEGACY_DOMAIN_REMOVED]/servicos/computador-nao-liga,301,"rota idêntica no domínio novo"
https://[LEGACY_DOMAIN_REMOVED]/servicos/conserto-celular,exata,https://[LEGACY_DOMAIN_REMOVED]/servicos/conserto-celular,301,"fora do foco (Celular) mas rota equivalente existe — sem troca de intenção"
https://[LEGACY_DOMAIN_REMOVED]/servicos/conserto-notebook-curitiba,exata,https://[LEGACY_DOMAIN_REMOVED]/servicos/conserto-notebook-curitiba,301,"rota idêntica no domínio novo"
https://[LEGACY_DOMAIN_REMOVED]/servicos/conserto-pc-notebook,consolidada,https://[LEGACY_DOMAIN_REMOVED]/servicos/manutencao-de-notebook,301,"slug canônico novo"
https://[LEGACY_DOMAIN_REMOVED]/servicos/conserto-pc-notebook/araucaria,exata,https://[LEGACY_DOMAIN_REMOVED]/servicos/conserto-pc-notebook/araucaria,301,"rota idêntica no domínio novo"
https://[LEGACY_DOMAIN_REMOVED]/servicos/conserto-pc-notebook/batel,exata,https://[LEGACY_DOMAIN_REMOVED]/servicos/conserto-pc-notebook/batel,301,"rota idêntica no domínio novo"
https://[LEGACY_DOMAIN_REMOVED]/servicos/conserto-pc-notebook/campo-largo,exata,https://[LEGACY_DOMAIN_REMOVED]/servicos/conserto-pc-notebook/campo-largo,301,"rota idêntica no domínio novo"
https://[LEGACY_DOMAIN_REMOVED]/servicos/conserto-pc-notebook/cic,exata,https://[LEGACY_DOMAIN_REMOVED]/servicos/conserto-pc-notebook/cic,301,"rota idêntica no domínio novo"
https://[LEGACY_DOMAIN_REMOVED]/servicos/conserto-pc-notebook/pinhais,exata,https://[LEGACY_DOMAIN_REMOVED]/servicos/conserto-pc-notebook/pinhais,301,"rota idêntica no domínio novo"
https://[LEGACY_DOMAIN_REMOVED]/servicos/conserto-pc-notebook/portao,exata,https://[LEGACY_DOMAIN_REMOVED]/servicos/conserto-pc-notebook/portao,301,"rota idêntica no domínio novo"
https://[LEGACY_DOMAIN_REMOVED]/servicos/conserto-pc-notebook/sao-jose-dos-pinhais,exata,https://[LEGACY_DOMAIN_REMOVED]/servicos/conserto-pc-notebook/sao-jose-dos-pinhais,301,"rota idêntica no domínio novo"
https://[LEGACY_DOMAIN_REMOVED]/servicos/conserto-placa,exata,https://[LEGACY_DOMAIN_REMOVED]/servicos/conserto-placa,301,"rota idêntica no domínio novo"
https://[LEGACY_DOMAIN_REMOVED]/servicos/conserto-tv,exata,https://[LEGACY_DOMAIN_REMOVED]/servicos/conserto-tv,301,"fora do foco (TV) mas rota equivalente existe — sem troca de intenção"
https://[LEGACY_DOMAIN_REMOVED]/servicos/conserto-tv/bacacheri,exata,https://[LEGACY_DOMAIN_REMOVED]/servicos/conserto-tv/bacacheri,301,"fora do foco (TV) mas rota equivalente existe — sem troca de intenção"
https://[LEGACY_DOMAIN_REMOVED]/servicos/conserto-tv/batel,exata,https://[LEGACY_DOMAIN_REMOVED]/servicos/conserto-tv/batel,301,"fora do foco (TV) mas rota equivalente existe — sem troca de intenção"
https://[LEGACY_DOMAIN_REMOVED]/servicos/conserto-tv/boqueirao,exata,https://[LEGACY_DOMAIN_REMOVED]/servicos/conserto-tv/boqueirao,301,"fora do foco (TV) mas rota equivalente existe — sem troca de intenção"
https://[LEGACY_DOMAIN_REMOVED]/servicos/conserto-tv/cabral,exata,https://[LEGACY_DOMAIN_REMOVED]/servicos/conserto-tv/cabral,301,"fora do foco (TV) mas rota equivalente existe — sem troca de intenção"
https://[LEGACY_DOMAIN_REMOVED]/servicos/formatacao-computador,consolidada,https://[LEGACY_DOMAIN_REMOVED]/servicos/formatacao,301,"slug canônico novo"
https://[LEGACY_DOMAIN_REMOVED]/servicos/formatacao-computador/araucaria,exata,https://[LEGACY_DOMAIN_REMOVED]/servicos/formatacao-computador/araucaria,301,"rota idêntica no domínio novo"
https://[LEGACY_DOMAIN_REMOVED]/servicos/formatacao-computador/campo-comprido,exata,https://[LEGACY_DOMAIN_REMOVED]/servicos/formatacao-computador/campo-comprido,301,"rota idêntica no domínio novo"
https://[LEGACY_DOMAIN_REMOVED]/servicos/formatacao-computador/campo-largo,exata,https://[LEGACY_DOMAIN_REMOVED]/servicos/formatacao-computador/campo-largo,301,"rota idêntica no domínio novo"
https://[LEGACY_DOMAIN_REMOVED]/servicos/formatacao-computador/centro,exata,https://[LEGACY_DOMAIN_REMOVED]/servicos/formatacao-computador/centro,301,"rota idêntica no domínio novo"
https://[LEGACY_DOMAIN_REMOVED]/servicos/formatacao-computador/pinhais,exata,https://[LEGACY_DOMAIN_REMOVED]/servicos/formatacao-computador/pinhais,301,"rota idêntica no domínio novo"
https://[LEGACY_DOMAIN_REMOVED]/servicos/formatacao-computador/portao,exata,https://[LEGACY_DOMAIN_REMOVED]/servicos/formatacao-computador/portao,301,"rota idêntica no domínio novo"
https://[LEGACY_DOMAIN_REMOVED]/servicos/formatacao-computador/sao-jose-dos-pinhais,exata,https://[LEGACY_DOMAIN_REMOVED]/servicos/formatacao-computador/sao-jose-dos-pinhais,301,"rota idêntica no domínio novo"
https://[LEGACY_DOMAIN_REMOVED]/servicos/manutencao-tv,exata,https://[LEGACY_DOMAIN_REMOVED]/servicos/manutencao-tv,301,"fora do foco (TV) mas rota equivalente existe — sem troca de intenção"
https://[LEGACY_DOMAIN_REMOVED]/servicos/montagem-pc,exata,https://[LEGACY_DOMAIN_REMOVED]/servicos/montagem-pc,301,"rota idêntica no domínio novo"
https://[LEGACY_DOMAIN_REMOVED]/servicos/montagem-pc/cic,exata,https://[LEGACY_DOMAIN_REMOVED]/servicos/montagem-pc/cic,301,"rota idêntica no domínio novo"
https://[LEGACY_DOMAIN_REMOVED]/servicos/redes-wifi,consolidada,https://[LEGACY_DOMAIN_REMOVED]/servicos/redes-e-wifi,301,"slug canônico novo"
https://[LEGACY_DOMAIN_REMOVED]/servicos/redes-wifi/araucaria,exata,https://[LEGACY_DOMAIN_REMOVED]/servicos/redes-wifi/araucaria,301,"rota idêntica no domínio novo"
https://[LEGACY_DOMAIN_REMOVED]/servicos/redes-wifi/bacacheri,exata,https://[LEGACY_DOMAIN_REMOVED]/servicos/redes-wifi/bacacheri,301,"rota idêntica no domínio novo"
https://[LEGACY_DOMAIN_REMOVED]/servicos/redes-wifi/batel,exata,https://[LEGACY_DOMAIN_REMOVED]/servicos/redes-wifi/batel,301,"rota idêntica no domínio novo"
https://[LEGACY_DOMAIN_REMOVED]/servicos/redes-wifi/campo-largo,exata,https://[LEGACY_DOMAIN_REMOVED]/servicos/redes-wifi/campo-largo,301,"rota idêntica no domínio novo"
https://[LEGACY_DOMAIN_REMOVED]/servicos/redes-wifi/cic,exata,https://[LEGACY_DOMAIN_REMOVED]/servicos/redes-wifi/cic,301,"rota idêntica no domínio novo"
https://[LEGACY_DOMAIN_REMOVED]/servicos/redes-wifi/pinhais,exata,https://[LEGACY_DOMAIN_REMOVED]/servicos/redes-wifi/pinhais,301,"rota idêntica no domínio novo"
https://[LEGACY_DOMAIN_REMOVED]/servicos/redes-wifi/santa-felicidade,exata,https://[LEGACY_DOMAIN_REMOVED]/servicos/redes-wifi/santa-felicidade,301,"rota idêntica no domínio novo"
https://[LEGACY_DOMAIN_REMOVED]/servicos/redes-wifi/sao-jose-dos-pinhais,exata,https://[LEGACY_DOMAIN_REMOVED]/servicos/redes-wifi/sao-jose-dos-pinhais,301,"rota idêntica no domínio novo"
https://[LEGACY_DOMAIN_REMOVED]/servicos/remocao-virus,consolidada,https://[LEGACY_DOMAIN_REMOVED]/servicos/remocao-de-virus,301,"slug canônico novo"
https://[LEGACY_DOMAIN_REMOVED]/servicos/remocao-virus/araucaria,exata,https://[LEGACY_DOMAIN_REMOVED]/servicos/remocao-virus/araucaria,301,"rota idêntica no domínio novo"
https://[LEGACY_DOMAIN_REMOVED]/servicos/remocao-virus/batel,exata,https://[LEGACY_DOMAIN_REMOVED]/servicos/remocao-virus/batel,301,"rota idêntica no domínio novo"
https://[LEGACY_DOMAIN_REMOVED]/servicos/remocao-virus/campo-largo,exata,https://[LEGACY_DOMAIN_REMOVED]/servicos/remocao-virus/campo-largo,301,"rota idêntica no domínio novo"
https://[LEGACY_DOMAIN_REMOVED]/servicos/remocao-virus/centro,exata,https://[LEGACY_DOMAIN_REMOVED]/servicos/remocao-virus/centro,301,"rota idêntica no domínio novo"
https://[LEGACY_DOMAIN_REMOVED]/servicos/remocao-virus/pinhais,exata,https://[LEGACY_DOMAIN_REMOVED]/servicos/remocao-virus/pinhais,301,"rota idêntica no domínio novo"
https://[LEGACY_DOMAIN_REMOVED]/servicos/remocao-virus/portao,exata,https://[LEGACY_DOMAIN_REMOVED]/servicos/remocao-virus/portao,301,"rota idêntica no domínio novo"
https://[LEGACY_DOMAIN_REMOVED]/servicos/remocao-virus/sao-jose-dos-pinhais,exata,https://[LEGACY_DOMAIN_REMOVED]/servicos/remocao-virus/sao-jose-dos-pinhais,301,"rota idêntica no domínio novo"
https://[LEGACY_DOMAIN_REMOVED]/servicos/upgrade-ssd-memoria,consolidada,https://[LEGACY_DOMAIN_REMOVED]/servicos/upgrade-ssd-ram,301,"slug canônico novo"
https://[LEGACY_DOMAIN_REMOVED]/servicos/upgrade-ssd-memoria/araucaria,exata,https://[LEGACY_DOMAIN_REMOVED]/servicos/upgrade-ssd-memoria/araucaria,301,"rota idêntica no domínio novo"
https://[LEGACY_DOMAIN_REMOVED]/servicos/upgrade-ssd-memoria/batel,exata,https://[LEGACY_DOMAIN_REMOVED]/servicos/upgrade-ssd-memoria/batel,301,"rota idêntica no domínio novo"
https://[LEGACY_DOMAIN_REMOVED]/servicos/upgrade-ssd-memoria/pinhais,exata,https://[LEGACY_DOMAIN_REMOVED]/servicos/upgrade-ssd-memoria/pinhais,301,"rota idêntica no domínio novo"
https://[LEGACY_DOMAIN_REMOVED]/servicos/upgrade-ssd-memoria/santa-felicidade,exata,https://[LEGACY_DOMAIN_REMOVED]/servicos/upgrade-ssd-memoria/santa-felicidade,301,"rota idêntica no domínio novo"
https://[LEGACY_DOMAIN_REMOVED]/servicos/upgrade-ssd-memoria/sao-jose-dos-pinhais,exata,https://[LEGACY_DOMAIN_REMOVED]/servicos/upgrade-ssd-memoria/sao-jose-dos-pinhais,301,"rota idêntica no domínio novo"
https://[LEGACY_DOMAIN_REMOVED]/sobre,exata,https://[LEGACY_DOMAIN_REMOVED]/sobre,301,"rota idêntica no domínio novo"
https://[LEGACY_DOMAIN_REMOVED]/status,exata,https://[LEGACY_DOMAIN_REMOVED]/status,301,"rota idêntica no domínio novo"
https://[LEGACY_DOMAIN_REMOVED]/suporte-empresas,exata,https://[LEGACY_DOMAIN_REMOVED]/suporte-empresas,301,"rota idêntica no domínio novo"
https://[LEGACY_DOMAIN_REMOVED]/tecnico-informatica-almirante-tamandare,exata,https://[LEGACY_DOMAIN_REMOVED]/tecnico-informatica-almirante-tamandare,301,"rota idêntica no domínio novo"
https://[LEGACY_DOMAIN_REMOVED]/tecnico-informatica-araucaria,exata,https://[LEGACY_DOMAIN_REMOVED]/tecnico-informatica-araucaria,301,"rota idêntica no domínio novo"
https://[LEGACY_DOMAIN_REMOVED]/tecnico-informatica-campo-largo,exata,https://[LEGACY_DOMAIN_REMOVED]/tecnico-informatica-campo-largo,301,"rota idêntica no domínio novo"
https://[LEGACY_DOMAIN_REMOVED]/tecnico-informatica-campo-magro,exata,https://[LEGACY_DOMAIN_REMOVED]/tecnico-informatica-campo-magro,301,"rota idêntica no domínio novo"
https://[LEGACY_DOMAIN_REMOVED]/tecnico-informatica-colombo,exata,https://[LEGACY_DOMAIN_REMOVED]/tecnico-informatica-colombo,301,"rota idêntica no domínio novo"
https://[LEGACY_DOMAIN_REMOVED]/tecnico-informatica-curitiba,exata,https://[LEGACY_DOMAIN_REMOVED]/tecnico-informatica-curitiba,301,"rota idêntica no domínio novo"
https://[LEGACY_DOMAIN_REMOVED]/tecnico-informatica-fazenda-rio-grande,exata,https://[LEGACY_DOMAIN_REMOVED]/tecnico-informatica-fazenda-rio-grande,301,"rota idêntica no domínio novo"
https://[LEGACY_DOMAIN_REMOVED]/tecnico-informatica-pinhais,exata,https://[LEGACY_DOMAIN_REMOVED]/tecnico-informatica-pinhais,301,"rota idêntica no domínio novo"
https://[LEGACY_DOMAIN_REMOVED]/tecnico-informatica-piraquara,exata,https://[LEGACY_DOMAIN_REMOVED]/tecnico-informatica-piraquara,301,"rota idêntica no domínio novo"
https://[LEGACY_DOMAIN_REMOVED]/tecnico-informatica-quatro-barras,exata,https://[LEGACY_DOMAIN_REMOVED]/tecnico-informatica-quatro-barras,301,"rota idêntica no domínio novo"
https://[LEGACY_DOMAIN_REMOVED]/tecnico-informatica-sao-jose-pinhais,exata,https://[LEGACY_DOMAIN_REMOVED]/tecnico-informatica-sao-jose-pinhais,301,"rota idêntica no domínio novo"
https://[LEGACY_DOMAIN_REMOVED]/termos-e-condicoes,exata,https://[LEGACY_DOMAIN_REMOVED]/termos-e-condicoes,301,"rota idêntica no domínio novo"
https://[LEGACY_DOMAIN_REMOVED]/valores,consolidada,https://[LEGACY_DOMAIN_REMOVED]/precos-e-politicas,301,"intenção de preço; canibalizava 'tecnico informatica curitiba'"
